"year","Antwerp","Amsterdam","London","Oxford","Paris","Strasbourg","Florence","Milan","Naples","Valencia","Madrid","Augsburg","Leipzig","Vienna","Gdansk","Krakow","Warsaw"
1260,,,,,,,,,,,,,,,,,
1261,,,,,,,,,,,,,,,,,
1262,,,,,,,,,,,,,,,,,
1263,,,,,,,,,,,,,,,,,
1264,,,,,,,,,,,,,,,,,
1265,,,,,,,,,,,,,,,,,
1266,,,,,,,,,,,,,,,,,
1267,,,,,,,,,,,,,,,,,
1268,,,,,,,,,,,,,,,,,
1269,,,,,,,,,,,,,,,,,
1270,,,,,,,,,,,,,,,,,
1271,,,,,,,,,,,,,,,,,
1272,,,,,,,,,,,,,,,,,
1273,,,,,,,,,,,,,,,,,
1274,,,,,,,,,,,,,,,,,
1275,,,,,,,,,,,,,,,,,
1276,,,,,,,,,,,,,,,,,
1277,,,,,,,,,,,,,,,,,
1278,,,,,,,,,,,,,,,,,
1279,,,,,,,,,,,,,,,,,
1280,,,,,,,,,,,,,,,,,
1281,,,,,,,,,,,,,,,,,
1282,,,,,,,,,,,,,,,,,
1283,,,,,,,,,,,,,,,,,
1284,,,,,,,,,,,,,,,,,
1285,,,,,,,,,,,,,,,,,
1286,,,,,,,,,,,,,,,,,
1287,,,,,,,,,,,,,,,,,
1288,,,,,,,,,,,,,,,,,
1289,,,,,,,,,,,,,,,,,
1290,,,,,,,,,,,,,,,,,
1291,,,,,,,,,,,,,,,,,
1292,,,,,,,,,,,,,,,,,
1293,,,,,,,,,,,,,,,,,
1294,,,,,,,,,,,,,,,,,
1295,,,,,,,,,,,,,,,,,
1296,,,,,,,,,,,,,,,,,
1297,,,,,,,,,,,,,,,,,
1298,,,,,,,,,,,,,,,,,
1299,,,,,,,,,,,,,,,,,
1300,,,,,,,,,,,,,,,,,
1301,,,0.847452651,,,,,,,,,,,,,,
1302,,,0.826370872,,,,,,,,,,,,,,
1303,,,0.873675983,,,,,,,,,,,,,,
1304,,,0.794585131,,,,,,,,,,,,,,
1305,,,0.797377721,,,,,,,,,,,,,,
1306,,,0.857034279,,,,,,,,,,,,,,
1307,,,0.808531697,,,,,,,,,,,,,,
1308,,,0.699606365,,,,,,,,,,,,,,
1309,,,0.622536711,,,,,,,,,,,,,,
1310,,,0.662675195,,,,,,,,,,,,,,
1311,,,0.797674681,,,,,,,,,,,,,,
1312,,,0.757220892,,,,,,,,,,,,,,
1313,,,0.729776084,,,,,,,,,,,,,,
1314,,,0.627746538,,,,,,,,,,,,,,
1315,,,0.444569852,,,,,,,,,,,,,,
1316,,,0.443730282,,,,,,,,,,,,,,
1317,,,0.616629782,,,,,,,,,,,,,,
1318,,,0.753256368,,,,,,,,,,,,,,
1319,,,0.784005748,,,,,,,,,,,,,,
1320,,,0.710404042,,,,,,,,,,,,,,
1321,,,0.535372556,,,,,,,,,,,,,,
1322,,,0.578511747,,,,,,,,,,,,,,
1323,,,0.667349892,,,,,,,,,,,,,,
1324,,,0.684943878,,,,,,,,,,,,,,
1325,,,0.744244196,,,,,,,,,,,,,,
1326,,,0.856101607,,,,1.006186022,,,,,,,,,,
1327,,,0.85660625,,,,0.920380306,,,,,,,,,,
1328,,,0.731182986,,,,0.82643608,,,,,,,,,,
1329,,,0.717219512,,,,0.623765085,,,,,,,,,,
1330,,,0.638914286,,,,0.654167237,,,,,,,,,,
1331,,,0.672480021,,,,0.890135837,,,,,,,,,,
1332,,,0.806306473,,,,0.985786302,,,,,,,,,,
1333,,,0.829075908,,,,0.626519493,,,,,,,,,,
1334,,,0.83052259,,,,0.592811833,,,,,,,,,,
1335,,,0.766036133,,,,0.593971952,,,,,,,,,,
1336,,,0.797041741,,,,0.599918446,,,,,,,,,,
1337,,,0.898093407,,,,0.600518175,,,,,,,,,,
1338,,,0.976708809,,,,0.603719886,,,,,,,,,,
1339,,,0.839458726,,,,0.587744881,,,,,,,,,,
1340,,,0.965072727,,,,0.454689437,,,,,,,,,,
1341,,,0.97800136,,,,0.450081038,,,,,,,,,,
1342,,,0.960684892,,,,0.465564912,,,,,,,,,,
1343,,,0.860213743,,,,0.448077339,,,,,,,,,,
1344,,,0.935978198,,,,0.438597158,,,,,,,,,,
1345,,,0.910320858,,,,0.440172173,,,,,,,,,,
1346,,,0.754621602,,,,0.437858133,,,,,,,,,,
1347,,,0.738741006,,,,0.404508134,,,,,,,,,,
1348,,,0.878455247,,,,0.417487994,,,,,,,,,,
1349,,,0.796394718,,,,0.382561752,,,,,,,,,,
1350,,,0.66171707,,,,1.196854269,,,,,,,,,,
1351,,,0.639847465,,,,1.111083265,,,,,,,,,,
1352,,,0.706570569,,,,1.104883465,,,,,,,,,,
1353,,,0.871141698,,,,0.999889638,,,,,,,,,,
1354,,,0.832433201,,,,1.02302187,,,,,,,,,,
1355,,,0.811883293,,,,1.061762288,,,,,,,,,,
1356,,,0.766198042,,,,1.068317821,,,,,,,,,,
1357,,,0.784588151,,,,1.120267708,,,,,,,,,,
1358,,,0.84242225,,,,1.152392318,,,,,,,,,,
1359,,,0.770918784,,,,1.173503412,,,,,,,,,,
1360,,,0.756365066,,,,1.119865651,,,,,,,,,,
1361,,,0.751697147,,,,1.263205505,,,,,,,,,,
1362,,,0.702323184,,,,1.329816626,,,,,,,,,,
1363,,,0.706601956,,,,1.328192699,,,,,,,,,,
1364,,,0.731021791,,,,1.291045599,,,,,,,,,,
1365,,,0.809688139,,,,1.364269042,,,,,,,,,,
1366,,,0.75605698,,,,1.336461782,,,,,,,,,,
1367,,,0.711709282,,,,1.077942598,,,,,,,,,,
1368,,,0.739215529,,,,0.947084059,,,,,,,,,,
1369,,,0.561315481,,,,0.984386772,,,,,,,,,,
1370,,,0.630469439,,,,0.832862888,,,,,,,,,,
1371,,,0.724168189,,,,0.916392266,,,,,,,,,,
1372,,,1.079355857,,,,1.539577384,,,,,,,,,,
1373,,,1.164842133,,,,1.659692118,,,,,,,,,,
1374,,,1.075270466,,,,0.953204597,,,,,,,,,,
1375,,,1.096028709,,,,0.713445363,,,,,,,,,,
1376,,,1.239808162,,,,1.303699943,,,,,,,,,,
1377,,,1.378293027,,,,1.485812016,,,,,,,,,,
1378,,,1.380855959,,,,1.462620328,,,,,,,,,,
1379,,,1.206766436,,,,1.66377498,,,,,,,,,,
1380,,,1.177819012,,,,1.80872312,,,,,,,,,,
1381,,,1.200807118,,,,1.30819847,,,,,,,,,,
1382,,,1.184035486,,,,1.349698423,,,,,,,,,,
1383,,,1.18783681,,,,1.17892454,,,,,,,,,,
1384,,,1.164515642,,,,1.205801956,,,,,,,,,,
1385,,,1.188311254,,,,1.141690787,,,,,,,,,,
1386,,,1.303464212,,,,1.078268133,,,,,,,,,,
1387,,,1.381507212,,,,1.288355622,,,,,,,,,,
1388,,,1.420875731,,,,1.017243817,,,,,,,,,,
1389,,,1.245778747,,,,0.740818525,,,,,,,,,,
1390,,,1.074056225,,,,0.78908814,,,,,,,,,,
1391,,,1.235120475,,,,0.85746334,,,,,,,,,,
1392,,,1.367551767,,,,0.983895042,,,,,,,,,,
1393,,,1.313204099,,,,1.099111226,,,,,,,,,,
1394,,,1.378017969,,,,1.615710811,,,,,,,,,,
1395,,,1.271280465,,,1.081277193,1.256277502,,,,,,,,,,
1396,,,1.172533007,,,1.067452158,1.285134008,,,,,,,,,,
1397,,,1.19866964,,,1.087789755,1.026318125,,,,,,,,,,
1398,,,1.240874303,,,1.088100767,1.194148113,,,,,,,,,,
1399,1.207876731,,1.239761951,,,1.110875848,1.12280176,,,,,,,,,,
1400,1.380250609,,1.090328573,,,1.089528649,1.510245126,,,,,,,,,,
1401,1.401793783,,1.115084327,,,1.08988095,1.321136523,,,,,,,,,,
1402,1.410926735,,1.152248068,,,1.142388849,1.367526323,,,,,,,,,,
1403,1.420914008,,1.506054082,,,1.115794458,1.560307154,,,,,,,,,,
1404,1.416340272,,1.495140156,,,1.091199632,1.619541686,,,,,,,,,,
1405,1.584017311,,1.585837617,,,1.143837737,1.32313927,,,,,,,,,,
1406,1.498352485,,1.475358319,,,1.156292124,1.432646624,,,,,,,,,,
1407,1.454188358,,1.431082083,,,1.142478363,1.845256534,,,,,,,,,,
1408,1.326900478,,1.238004482,,,1.11798339,1.417897652,,,,,,,,,,
1409,1.326384952,,1.198768043,,,1.134957835,1.145837666,,,,,,,,,1.043508909,
1410,1.363230646,,1.41190202,,,1.148941285,1.210762248,,,,,,,,,1.13840623,
1411,1.321881287,,1.458412803,,,1.159183315,1.100484489,,,,,,,,,0.97588855,
1412,1.221962438,,1.346568749,,,1.159326895,1.416639607,,,,,,,,,1.057534485,
1413,1.206280268,,1.553049914,,,1.156825903,1.75722787,,,1.244253732,,,,,,1.134928573,
1414,1.182762052,,1.54045547,,,1.155109412,1.55275803,,,1.382418946,,,,,,1.113048025,
1415,1.144774276,,1.44156228,,,1.139651627,1.510580784,,,1.409142895,,,,,,1.135232662,
1416,1.135384815,,1.362526175,,,1.147327191,1.178366197,,,1.424144581,,,,,,1.135232662,
1417,1.294117851,,1.546639662,,,1.077623795,1.306569704,,,1.499989048,,,,,,1.135232662,
1418,1.3002813,,1.485871636,,,1.166462431,1.396651947,,,1.736863007,,,,,,1.13466188,
1419,1.392338222,,1.611984349,,,1.203450572,1.264350783,,,1.729082343,,,,,,1.172576608,
1420,1.318121351,,1.570597508,,,1.171274422,0.969751254,,,1.655346219,,,,,,1.743946054,
1421,1.294058584,,1.594703894,,,1.085940112,1.069817791,,,1.526814183,,,,,,1.292969189,
1422,1.280864791,,1.633313341,,,1.10633529,1.589584413,,,1.309244529,,,,,,1.29337656,
1423,1.284398841,,1.656216515,,,1.09779147,1.414840186,,,1.53624805,,,,,,1.293784188,
1424,1.276026428,,1.529682939,,,1.106739705,1.848051587,,,1.384030167,,,,,,1.294192073,
1425,1.290404965,,1.662366836,,,1.1027216,1.305979987,,,1.612613802,,,,,,1.294600216,
1426,1.256318616,,1.703092618,,,1.136266463,1.24514067,,,1.225255977,,,,,,1.160781353,
1427,1.244556782,,1.674886574,,,1.19791234,1.61054467,,,1.454370173,,,,,,1.348360269,
1428,1.231151448,,1.292466966,,,1.144648144,1.774968664,,,1.544273304,,,,,,1.306725193,
1429,1.338563003,,1.303657531,,,1.035694193,2.036750575,,,1.618036806,,,,,,1.328835219,
1430,1.287645801,,1.450105496,,,1.063457526,1.618026004,,,1.540066059,,,,,,1.323109833,
1431,1.277553522,,1.524635426,,,1.120222721,0.927743584,,,1.432089073,,,,,,1.330853974,
1432,1.359351228,,1.371015037,,0.917046888,1.169539152,0.864195309,,,1.468605638,,,,,,1.332808471,
1433,1.424319804,,1.449261159,,0.597338525,1.147168168,1.289214273,,,1.363677023,,,,,,1.324355977,
1434,1.523113421,,1.500177469,,0.969038129,1.147320038,1.579907842,,,1.634714323,,,,,,1.304619424,
1435,1.434063346,,1.511331976,,1.046028328,1.073176184,1.437955755,,,1.036944606,,,,,,1.305034171,
1436,1.401056564,,1.495306771,,1.27182146,1.134824389,1.145581413,,,1.277916821,,,,,,1.305449182,
1437,1.029758787,,1.276093285,,0.693680395,1.165302566,1.483545249,,,1.429879381,,,,,,1.286268053,
1438,1.171151427,,1.049333812,,0.56159193,1.092465362,1.556291609,,,1.332231874,,,,,,1.286671212,
1439,1.40080817,,1.318051182,,0.677718832,1.022082683,1.300706933,,,1.391261214,,,,,,1.287074624,
1440,1.410606321,,1.588178663,,1.172110293,0.946054305,1.188355591,,,1.424808778,,,,1.656013137,,1.268425797,
1441,1.355013802,,1.583564315,,1.328966723,1.196262916,0.822624483,,,1.494761658,,,,1.547435162,,1.268817847,
1442,1.276291739,,1.54993844,,1.156826507,1.195439689,1.037121207,,,1.422911864,,,,1.551792565,,1.240434126,
1443,1.604367808,,1.561539372,,0.966918006,1.643939538,1.92641683,,,1.508811798,,,,1.488741378,,1.226019076,
1444,1.657956279,,1.642725214,,1.06992208,1.195658397,1.594756144,,,1.597488861,,,,1.525147368,,1.226385346,
1445,1.464339843,,1.404346812,,1.474582676,1.142788782,1.989909602,,,1.545211589,,,,1.521160367,,1.226751835,
1446,1.422825987,,1.512229389,,1.399269889,1.219133476,2.27132235,,,1.485142347,,,,1.532603739,,1.227118544,
1447,1.658386348,,1.519857849,,1.249866155,1.276074828,1.608473288,,,1.571339049,,,,1.538479897,,1.227485471,
1448,1.682251514,,1.521392129,,1.367180791,1.31193427,1.67692158,,,1.726534509,,,,1.628050598,,1.227852618,
1449,1.66848318,,1.561282164,,1.450061159,1.371359425,1.758422812,,,1.263342514,,,,1.634568964,,1.228219985,
1450,1.750670088,,1.42252838,,1.423122997,1.330843833,1.509733063,,,1.434516813,,,,1.682679812,,1.228587571,
1451,1.793527362,,1.477939864,,1.391796446,1.41737184,1.355350341,,,1.457602962,,,,1.683994907,,1.228955378,
1452,1.629536616,,1.539219072,,1.317751566,1.396003196,1.370657693,,,1.418270893,,,,1.591890279,,1.229323405,
1453,1.664297951,,1.551770973,,1.530440865,1.365693868,1.536555306,,,1.506552606,,,,1.624929364,,1.229691652,
1454,1.660530022,,1.65249534,,1.356608995,1.365893167,1.126874219,,,1.734563112,,,,1.54687999,,1.23006012,
1455,1.444502397,,1.576038914,,1.15766676,1.366092525,1.049391628,,,1.565533546,,,,1.515769625,,1.230428809,
1456,1.273283224,,1.585629661,,1.017552791,1.36629194,0.925091795,,,1.291041605,,,,1.501923243,,1.230797719,
1457,1.442093519,,1.513182153,,1.090483707,1.366491414,0.999102265,,,1.562649009,,,,1.441510499,,1.23116685,
1458,1.657040304,,1.545686336,,1.204317645,1.323483415,1.398037975,,,1.696034752,,,,1.243797063,,1.231536203,
1459,1.421661947,,1.57138417,,1.120304824,1.307737423,1.88893495,,,1.630840231,,,,1.255059756,,1.231905778,
1460,1.545509633,,1.42817012,,1.138020398,1.322220011,1.997263929,,,1.381047117,,,,1.277728439,,1.235695858,
1461,1.691606111,,1.404143866,,1.173280168,1.379196615,1.963560358,,,1.527857335,,,,1.296591588,,0.90369436,
1462,1.909142218,,1.684289067,,1.205157553,1.424528164,1.74117234,,,1.595671134,,,,1.292841575,,0.906047604,
1463,2.0110635,,1.693293536,,1.14043703,1.409365506,1.486914747,,,1.564243319,,,,1.285770996,,0.905899455,
1464,1.812670377,,1.601364408,,1.19294526,1.487091205,1.038062585,,,1.555636054,,,,1.297855605,,0.905899455,
1465,1.821500185,,1.555303343,,1.210183107,1.490802321,0.967309048,,,1.665226131,,,,1.34228196,,0.905899455,
1466,1.787571811,,1.533949481,,1.196664216,1.468753776,1.197567472,,,1.677433982,,,,1.301328314,,0.905666106,
1467,1.68859682,,1.529194145,,1.359128219,1.448005296,1.490792528,,,1.058308187,,,,1.313830062,,0.904881682,
1468,1.626669349,,1.529858861,,1.218570795,1.448239087,1.294415002,,,1.060760098,,,,1.356580805,,0.905643071,
1469,1.589839498,,1.481667121,,1.146351531,1.43107782,1.426486732,,,1.043760225,,,,1.212556794,,0.906719543,
1470,1.7364734,,1.480689806,,1.241017131,1.42621788,1.375402304,,,1.469567101,,,,1.346274178,,0.905933293,
1471,1.756030217,,1.485390329,,1.165257595,1.436628316,1.571409997,,,1.613224417,,,,1.365120108,,0.907603269,
1472,1.611565485,,1.646428082,,1.222693318,1.471816693,1.506495546,,,1.564629022,,,,1.343779702,,0.897710102,
1473,1.54327994,,1.645342908,,1.151690891,1.50400475,1.278323739,,,1.450564615,,,,1.406558015,,0.901294707,
1474,1.597919673,,1.585014055,,1.068557951,1.504256976,0.743608509,,,1.324639111,,,,1.456662161,,0.902812358,
1475,1.600001747,,1.558536796,,1.0485978,1.504932566,0.771938737,,,1.365810022,,,,1.37887311,,0.904639405,
1476,1.544228891,,1.588232443,,1.051244965,1.488115711,0.899471578,,,1.400912673,,,,1.420775393,,0.858465361,
1477,1.410513343,,1.472244006,,1.102939698,1.468260221,0.941393742,,,1.324369951,,,,1.374172625,,0.893630407,
1478,1.301868317,,1.425840788,,0.971708989,1.370644623,1.253113549,,,1.199731257,,,,1.370813301,,0.953676024,
1479,1.368603857,,1.493750715,,1.076478747,1.349857167,1.587472925,,,1.190524358,,,,1.362738282,,0.974742181,
1480,1.171186467,,1.44738351,,1.144694944,1.314110962,1.745307996,,,1.241279704,,,,1.350766476,,0.979866918,
1481,0.83049652,,1.287611882,,0.895909517,1.120234295,1.611575953,,,1.217455715,,,,1.39513155,,0.957397786,
1482,1.028112161,,1.197545748,,0.78671934,1.120261012,1.300672853,,,1.124985296,,,,1.363437293,,1.001691316,
1483,1.317262919,,1.389689784,,0.974810462,1.25531615,0.819467589,,,1.203654703,,,,1.274738558,,1.006475055,
1484,1.2559113,,1.544372047,,1.228544603,1.308761405,0.730978219,,,1.256853597,,,,1.338197395,,1.005442341,
1485,1.061429175,,1.612557368,,1.119384788,1.331606963,1.356906084,,,1.019961856,,,,1.395876657,,0.968108736,
1486,1.013043099,,1.533665932,,1.004508368,1.277045632,1.332225377,,,1.242384196,,,,1.383780062,,0.979904676,
1487,1.124193157,,1.51777157,,0.993761066,1.367694012,1.221146149,,,1.376127204,,,,1.344173601,,0.975796274,
1488,0.972784985,,1.525035629,,0.948747055,1.261942864,1.229461731,,,1.333244171,,,,1.337923097,,0.872431498,
1489,1.030503545,,1.503088625,,0.982635182,1.224333884,1.226677897,,,1.214244312,,,,1.318893011,,0.874330273,
1490,1.101208255,,1.529861066,,0.924930407,1.16946021,1.373101599,,,1.350429395,,,,1.315085382,,0.936153582,
1491,1.135844194,,1.499682905,,0.77963901,1.172593052,1.254768406,,,1.319282813,,,,1.287045869,,0.87232107,
1492,1.174333266,,1.643161226,,0.792338619,1.154852135,1.371375932,,,1.487750539,,,,1.291272479,,0.898129772,
1493,1.510011903,,1.669280966,,0.893845523,1.220309015,1.417882738,,,1.434064987,,,,1.218251874,,1.001558092,
1494,1.592735438,,1.636868851,,1.064003244,1.370793587,1.045929476,,,1.367793173,,,,1.163969975,,0.884868351,
1495,1.578934766,,1.617802098,,0.950712066,1.371020367,0.891710408,,,1.420897559,,,,1.268220715,,0.901262913,
1496,1.43821454,,1.540506545,,0.984503227,1.493453002,0.679069465,,,1.332728058,,,,1.339337881,,0.848356519,
1497,1.484765699,,1.590745726,,0.987528246,1.386876693,0.491924747,,,1.338486251,,,,1.370553293,,1.044505926,
1498,1.48207011,,1.529356897,,1.067880101,1.387098668,0.746180248,,,1.430955304,,,,1.255833153,,0.959690083,
1499,1.721109232,,1.592209471,,1.096050393,1.354832075,1.023311383,,,1.4102349,,,,1.340265831,,0.886537089,
1500,1.474603032,1.497102259,1.461907626,,1.025299113,1.243424531,1.063853259,,,1.290917618,,,,1.376717966,,0.962960192,
1501,1.363545613,1.457506499,1.336231862,,0.869488281,1.256530943,0.792600047,,,1.506106177,,,,1.358241174,,1.042826817,
1502,1.35535732,1.506021628,1.35765601,,0.828321723,1.256530943,0.80167782,,,1.166724084,,0.810279326,,1.349025236,,0.974026243,
1503,1.44287273,1.528810879,1.443693173,,1.047420335,1.293040185,0.679339105,,,1.05755685,,0.903867308,,1.358118331,,0.953529127,
1504,1.454270671,1.545859042,1.513913843,,0.942057924,1.557879741,0.632109863,,,1.204091259,,0.924297677,,1.326623584,,0.864781157,
1505,1.438831892,1.485510422,1.57208435,,0.940463749,1.295884444,0.563002939,,,1.193144298,,1.094694208,,1.326623584,,0.932708449,
1506,1.506138676,1.486565467,1.55596822,,0.900445052,1.333904161,0.763128696,,,1.127804076,,1.086649145,,1.280572835,,1.04603731,
1507,1.498572799,1.491639015,1.536231385,,0.846608211,1.319390158,1.277876998,,,1.177298097,,1.097122159,,1.272263896,,0.982051045,
1508,1.569191401,1.544384458,1.583944291,,0.926144882,1.3606201,1.163077303,,,1.146602443,,0.993818537,,1.299084971,,0.636482523,
1509,1.608640838,1.446391356,1.695032626,,1.038152095,1.373279168,1.247874187,,,1.263758052,,0.919399023,,1.281170935,,1.027626914,
1510,1.620338774,1.408779999,1.653600664,,1.065192979,1.568698323,1.387305379,,,1.285675335,,0.937878389,,1.274414389,,1.019792682,
1511,1.509459951,1.378362618,1.492127511,,1.017143549,1.263742858,1.123815326,,,1.304840449,,0.900331379,,1.276123969,,1.032529582,
1512,1.420199226,1.359042507,1.302226132,,0.92926948,1.212599114,0.964585968,,,1.35490515,,0.952250994,,1.290367068,,1.047758425,
1513,1.315542505,1.376475167,1.456247096,,0.939692698,1.21329461,1.163971037,,,1.321638262,,1.025788338,,1.184816782,,1.063144235,
1514,1.473835969,1.323874407,1.487231468,,0.921153409,1.195264509,1.007909462,,,1.32132264,,1.029247612,,1.182816832,,1.057688529,
1515,1.433022599,1.282916066,1.410782609,,0.852404922,1.148982046,0.983691401,,,1.286709723,,1.027860352,,1.25010614,,1.064801844,
1516,1.314186047,1.321032316,1.431915066,,0.779770222,1.115188899,0.700300492,,,1.206851738,,0.924458557,,1.25934566,,1.051831134,
1517,1.316740987,1.24979837,1.388973328,,0.764741106,1.081294502,0.976537917,,,1.333768019,,0.823482811,,1.267791352,,1.067065022,
1518,1.403781359,1.291109516,1.409716274,,0.763566536,1.248036904,1.168110302,,,1.343018484,,1.023671521,,1.247257224,,1.048662074,
1519,1.455846958,1.251664769,1.298659293,,0.971702104,1.40942621,1.053418665,,,1.251929896,,0.875545473,,1.298359581,,1.055380198,
1520,1.314613138,1.309183053,1.246275065,,0.933753074,1.249600777,0.91430759,,,1.274694999,,0.936347264,,1.251604147,,1.029446427,
1521,1.177723398,1.007975888,1.343093927,,0.753744432,1.174552353,0.859489711,,,0.984636913,,1.012575873,,1.285966398,,1.029446427,
1522,1.240335659,1.10808186,1.452024096,,0.753026172,1.174552353,0.755575527,,,0.781914003,,0.960728838,,1.229412615,,1.032812415,
1523,1.261400811,1.101253502,1.506340817,,1.051799981,1.15647837,0.706027159,,,1.049675043,,1.01178015,,1.329936832,,1.003038168,
1524,1.250686769,1.077786269,1.46116913,,0.755782298,1.198238561,0.779591629,,,1.05059296,,0.999805161,,1.243745445,,0.996646053,
1525,1.422023393,1.180687447,1.444757221,,0.731311443,1.22405173,0.991955372,,,1.117544351,,0.992233781,,1.236902703,,0.966158079,
1526,1.328316773,1.147541199,1.342201133,,0.946643718,1.268148715,0.736489109,,,1.104591743,,0.944828196,,1.272653377,,0.886519898,
1527,1.249541659,1.187202942,1.048854992,,0.978531331,1.1775847,0.615977874,,,1.041276125,,0.92422665,,1.134112886,,0.878146129,
1528,1.283632963,1.24453905,1.250620992,,0.823990923,1.081569154,0.549306131,,,1.077394493,,0.810543234,,1.038763585,,0.858741239,
1529,1.175919995,1.22235661,1.267092538,,0.780686479,1.08140885,0.664694035,,,0.923389506,,0.66579129,,1.092257621,,0.854440291,
1530,1.013200023,1.309706153,1.285955762,,0.827606638,1.16774848,0.547092419,,,0.90554515,,0.711917195,,1.091726445,,0.844847794,
1531,1.066366407,1.322604152,1.228264406,,0.840067157,1.060187912,0.777254608,,,0.933565332,,0.688192887,,1.072538666,,0.81849061,
1532,1.263928872,1.383183345,1.287697851,,0.736046532,1.539645481,0.817334561,,,0.984938476,,0.684504887,,0.997602733,,0.840269439,
1533,1.311645728,1.361831723,1.313521653,,0.863169328,1.016753929,0.796854369,,,0.984174272,,0.645687209,,0.951850298,,0.839845867,
1534,1.262264157,1.395894704,1.395991044,,0.918728306,1.045350369,0.807889985,,,0.974911094,,0.682350266,,0.989816201,,0.834211615,
1535,1.041167016,1.290407406,1.16683958,,0.903614132,1.087640305,1.058670521,,,1.028330842,,0.782975907,,1.003556047,1.33805378,0.778179773,
1536,1.200547368,1.451043805,1.14858256,,0.786597014,1.886082841,0.98788122,,,1.039241125,,0.806449058,,0.933943144,1.418307589,0.823266025,
1537,1.37583058,1.514497162,1.343672673,,0.730023433,1.111657926,1.077305716,,,1.142030213,,0.748791442,,1.04952873,1.352807867,0.704686793,
1538,1.324192555,1.511378997,1.288471425,,0.737610944,1.659180759,0.988162588,,,1.067145373,,0.765168805,,1.020355558,1.321198073,0.768321378,
1539,1.301701159,1.247747235,1.377071951,,0.652484309,1.029200624,0.644099147,,,0.961448575,,0.863641641,,1.057539794,1.119545844,0.761079145,
1540,1.354691996,1.332636219,1.390968059,,0.715923764,1.057869733,0.484510828,,,0.86938352,,0.708796515,,1.031442467,0.862746931,0.753155824,
1541,1.469156249,1.314825627,1.188482005,,0.758436381,1.064262659,0.677557344,,,1.021535073,,0.787118492,,1.136362491,0.851949154,0.929659965,
1542,1.317689576,1.39227969,1.183922961,,0.759618217,1.085578514,0.932833164,,,0.931132964,,0.769709011,,1.209307041,0.850891812,0.930815009,
1543,1.256798774,1.306744609,1.14850649,,0.684440045,0.911559949,0.884488032,,,1.013330748,,0.737306567,,1.19398775,0.850641321,0.89271867,
1544,1.10150754,1.046268777,1.143986921,,0.620809949,0.890478907,0.973498662,,,1.071850268,,0.796817784,,1.003321557,1.124902678,0.836214448,
1545,1.029340528,0.940430252,1.042367913,,0.704514518,0.857539533,0.927782831,,,0.950767308,,0.85165861,,1.182920013,0.85565052,0.900734317,
1546,1.251631254,0.780053343,1.28360231,,0.606163199,0.848102708,0.983526879,,,0.774870803,,0.792023857,,1.199685231,0.590318134,0.730142513,
1547,1.510533496,1.086854583,1.394431409,,0.896314079,1.002050917,0.788636033,,,0.905250113,,0.841781331,,1.094662122,0.985618042,0.850002955,
1548,1.296079992,1.224231565,1.224044227,,0.878506174,1.470477694,0.783574115,,0.876908876,0.902852053,,0.821977075,,1.117554494,0.949672315,0.87424193,
1549,1.289697288,1.247997888,1.034291877,,0.863940991,0.966887108,0.710687125,,1.106945128,0.884835908,,0.741769407,,1.006755556,0.902801049,0.840502666,
1550,1.201121671,1.095068363,1.041390568,,0.715043543,0.811485298,0.752242558,,0.845033004,0.853249372,,0.659968284,,0.953654667,0.654977889,0.868806088,
1551,1.064523782,1.083109929,1.235512381,,0.74145002,0.760398716,0.712969684,,0.728601611,0.799361575,0.660985045,0.601522455,,1.004799102,0.568558182,0.877371359,
1552,1.075193406,0.816935984,1.342121279,,0.700672655,0.779764899,0.757021245,,0.828646553,0.804107999,0.647342321,0.645350838,,1.074382841,0.577653678,0.797958,
1553,0.934917875,0.828154178,1.321902789,,0.830207836,0.766106319,0.798194499,,0.949515816,0.876881864,0.623910323,0.808959373,,1.079702501,0.74799906,0.798269136,
1554,1.14972659,1.018549807,1.173989165,,0.899050907,0.794043808,0.535884953,,0.748702893,0.957226938,0.727808013,0.856887933,,1.167865989,0.874517599,0.846896644,
1555,1.027463792,0.973095515,0.917595456,,0.912504726,0.741684575,0.409806154,,0.631525312,0.915930716,0.734724174,0.831725013,,1.002893636,0.769216889,0.703914093,
1556,0.739754458,0.814829429,0.960887659,,0.815573623,0.785401859,0.437887182,,0.623628649,0.928958988,0.584805088,0.851109578,,0.97848666,0.743677518,0.843712048,
1557,0.926475149,0.507799804,1.31795416,,0.772211848,0.956968316,0.501721772,,0.678195092,0.726952715,0.570980664,0.848439698,,0.973958004,0.764336992,0.921684377,
1558,1.353030324,1.032283213,1.315624138,,0.987065998,0.956850713,0.700599552,,0.67351858,0.816163196,0.547544217,0.831453206,,0.970931649,0.751206096,0.954224035,1.20955586
1559,1.279724352,0.814712367,1.294180836,,1.037096183,0.841457459,0.865688518,,0.675030399,0.86859869,0.522718669,0.709674359,,1.031335625,0.744547628,0.845814587,1.175827174
1560,1.353815085,0.876160849,1.286764198,,0.9892075,0.794483139,0.842293996,,0.505192654,0.851099727,0.601810347,0.703375484,,1.021854112,0.730965682,0.908065302,1.174847623
1561,1.467922532,1.007909276,1.385043459,,0.937136018,0.749210492,0.968243377,,0.665361796,0.8169911,0.765211648,0.717647559,,1.020024306,0.764611526,0.920055223,1.174847623
1562,1.254418865,0.878723657,1.048773387,,0.84858934,0.690292022,0.909487023,,0.704914711,0.787468609,0.772354038,0.711097392,,1.020210337,0.729176146,0.898921011,1.172460699
1563,1.399373084,0.694380156,1.397156458,,0.813362127,0.85632673,0.623100564,,0.765534109,0.872282343,0.851937683,0.682918025,,1.057854705,0.664726234,0.970533852,1.135760987
1564,1.438190711,0.861634199,1.400378476,,1.001944227,0.870172818,0.87064421,,0.547804491,0.946999982,0.827385012,0.714722897,,1.000809446,0.682913078,1.059742013,1.053977551
1565,1.071671161,1.126930641,1.268853477,,0.815932589,0.78518492,0.912904042,,0.549008122,0.992772354,0.930492607,0.678278617,0.513539428,0.889607045,1.145118634,1.046368303,1.147367237
1566,1.077010373,0.704792294,1.414739308,,0.623380216,0.717305247,0.939957338,,0.692903486,0.86769526,0.903143379,0.670706088,0.514436156,0.947963859,0.789351944,1.02371591,1.144469309
1567,1.288726813,1.115398943,1.421230321,,0.794814582,0.784061739,0.97433935,,0.756274136,0.831750918,0.797903997,0.659405297,0.512611816,0.84269687,0.535366334,1.051463885,1.033053394
1568,1.331864239,1.065617226,1.313556217,,0.739727916,0.854395311,1.004772509,,0.81753872,0.919459245,0.815745178,0.826418331,0.512611816,0.825235876,0.524534003,0.919681171,0.964361648
1569,1.3230126,1.034205426,1.433583466,,0.849744152,0.80948795,0.866619108,,0.71642163,0.946579907,0.794676503,0.696927023,0.51095836,0.657807303,0.597934927,0.916587134,1.24687116
1570,1.245505014,1.05796072,1.424747919,,0.827276919,0.698447066,0.83717218,,0.565506612,0.903626165,0.792245938,0.562927353,0.51095836,0.644978005,0.626525726,0.911293888,0.902329159
1571,1.159520862,0.919239838,1.342107515,,0.724357817,0.611528497,0.945077686,,0.691168607,0.784179306,0.749716206,0.548529535,0.51095836,0.673853707,0.565246039,0.862542062,0.906472097
1572,1.044734113,0.817470724,1.260581217,,0.687175911,0.679040655,0.798082294,,0.674219941,0.808480475,0.807271635,0.616382226,0.46332102,0.766301926,0.577355604,0.826157334,0.965197341
1573,0.87666569,0.647861847,0.9719539,,0.839177522,0.538095558,0.712251795,,0.673971783,0.871055212,0.831212247,0.663400881,0.461443843,0.861453392,0.628354053,0.970217342,0.923296461
1574,0.945133414,0.619337606,1.241009222,,0.623786099,0.616576997,0.922723572,,0.808476193,0.838505272,0.84639179,0.649595998,0.464553842,0.830916481,0.54030829,1.079481709,1.007642302
1575,1.220027523,0.90153564,1.29010483,,0.932863662,0.674303809,0.887539741,,0.766602818,0.834310223,0.78181591,0.807775398,0.484502736,0.84870351,0.60974375,1.11896023,1.047541521
1576,1.293247893,1.09705629,1.143179094,,0.937531654,0.773417237,0.934360616,,0.740907232,0.76457217,0.762450288,0.827853362,0.462089143,0.778759928,0.850915444,1.118889853,1.054174314
1577,1.328545016,0.95648007,1.208796144,,0.946817261,0.728675588,0.810940658,,0.792460125,0.809666005,0.869485368,0.806995288,0.51802076,0.816475916,1.024126814,1.16371357,1.054174314
1578,1.379392295,0.929995956,1.313480322,,1.0581998,0.745655666,0.926371957,,0.737358646,0.746286888,0.738431613,0.763788591,0.506637651,0.86929538,1.004058308,1.215546376,1.063190112
1579,1.41734719,0.979349524,1.312797433,,1.335970167,0.632898277,0.741699966,,0.72567342,0.829079855,0.648373437,0.69935209,0.417450115,0.834166335,0.789469054,1.047065736,1.080606501
1580,1.439875996,1.076683537,1.258679641,,1.267398161,0.612332735,0.649826995,,0.733417132,0.774910634,0.63141632,0.584655737,0.434255121,0.833606107,0.760472213,1.093690023,1.071186854
1581,1.478146551,1.12211345,1.273180321,,1.09031092,0.583632544,0.701313628,,0.704005402,0.852650866,0.901990572,0.627755133,0.438850772,0.801139772,0.662702781,1.165501455,1.093049618
1582,1.394227076,1.130463905,1.273411639,,1.242103259,0.859067926,0.640103125,,0.724266716,0.827685049,0.875843773,0.680514964,0.460077816,0.865551806,0.731237361,1.153805608,1.062792075
1583,1.212603466,1.147452213,1.286437862,,0.937038058,0.648153957,0.844279556,,0.732205234,0.76638446,0.796136117,0.759342979,0.447773203,0.829957597,0.569287461,1.197587768,1.000322964
1584,1.069855389,1.079428552,1.281224334,,0.961324557,0.68603924,0.805718266,,0.81465908,0.801627373,0.757757252,0.56325355,0.456816328,0.816563163,0.554121871,1.202958721,0.99271525
1585,0.776023177,1.315093132,1.01638416,,1.163030897,0.584452299,0.72455432,,0.780499029,0.926049154,0.817603627,0.605493973,0.46334172,0.776867213,0.726646221,1.183040973,0.98295092
1586,0.601748022,1.439217223,0.833438838,,0.764492638,0.503346024,0.646569857,,0.737919803,0.816837535,0.863334177,0.634322215,0.377463883,0.835955314,0.811101695,1.130362884,1.04204746
1587,1.189515687,1.146472719,1.255063788,,0.699986251,0.576421741,0.789817675,,0.812908116,0.929731645,0.803135424,0.678368164,0.507773409,0.820771939,0.689575035,1.226019489,1.061159785
1588,1.399381085,1.049471818,1.286065261,,0.963044479,0.587826579,0.590487133,,0.868711231,0.920098642,0.866423695,0.784819727,0.519701208,0.728575037,0.617576778,1.169165352,1.061159785
1589,1.378473905,1.218919616,1.120106093,,0.856137824,0.554492515,0.620190049,,0.818137664,0.885789375,0.744087993,0.65217871,0.454048974,0.762267604,0.917659194,1.120391786,0.994761806
1590,1.35186238,1.216165731,1.03409607,,0.646052828,0.584907861,0.497108443,,0.837223783,0.891933386,0.716569058,0.610323021,0.379283757,0.56823753,0.699928061,1.126155315,1.064342609
1591,1.4649502,1.179383008,1.223513177,,0.51681425,0.604606408,0.530899911,,0.690273433,0.908186679,0.740216504,0.590464037,0.41965962,0.807929424,0.59492058,1.033759098,1.119406047
1592,1.566010479,1.366147944,1.178926228,,0.672304815,0.648370395,0.61601417,,1.05009386,0.839377501,0.807662623,0.662749252,0.480118274,0.74889555,0.680576385,1.079900769,1.189463665
1593,1.46462075,1.330162483,1.190399779,,0.715451914,0.563024369,0.653837552,,0.703298673,0.80583404,0.817454945,0.649566935,0.434301466,0.634955452,0.65989225,1.170662676,1.131959014
1594,1.25170538,1.184696313,0.881786092,,0.815688999,0.567594438,0.676513188,,0.738452795,0.837935566,0.669745202,0.616331822,0.432194965,0.706246597,0.585079665,1.029552406,1.029566121
1595,1.155221635,1.239500128,0.897946812,,0.59568827,0.532326355,0.626532675,,0.65887883,0.892101465,0.953794194,0.66660531,0.444432911,0.652527282,0.61258622,1.020811565,1.01692444
1596,1.150935708,1.181914073,0.766377421,,0.593815701,0.568900222,0.551544261,,0.739727481,0.979790492,0.842738201,0.654691969,0.431717907,0.736227968,0.59296229,0.96945883,0.964017059
1597,1.224731248,1.107594671,0.846708559,,0.587420719,0.610429528,0.515753415,,0.599152665,0.948103755,0.860298662,0.6343179,0.400261924,0.80782041,0.632378461,0.987652285,0.957265419
1598,1.382599207,1.127206494,1.07793795,,0.622077706,0.617407512,0.632558411,,0.864224503,0.837904735,0.758511001,0.530754363,0.418781127,0.716157604,0.704308358,0.978400849,0.914795179
1599,1.413376396,1.079879849,1.020251178,,0.744900219,0.634415908,0.818165473,,0.937897256,0.784526994,0.63906379,0.571717715,0.409152649,0.657480759,0.511722541,0.918730823,0.837422758
1600,1.201141405,1.190598028,1.001839691,,0.794497477,0.6156118,0.766124065,,0.865048374,0.809308213,0.705021219,0.527224707,0.474978773,0.643677861,0.918064775,0.972535655,0.830365669
1601,1.275784576,1.257695995,1.105434329,,0.86888609,0.649224639,0.634485599,,0.799815706,0.762697602,,0.527721112,0.591283045,0.628767738,0.507782333,0.836791572,0.795526041
1602,1.556221602,1.345489811,1.213548583,,0.87313285,0.762870583,0.670414883,,0.813431311,0.84200052,,0.507374642,0.595093629,0.689800682,0.572072158,0.940337943,0.752156719
1603,1.555409073,1.226238013,1.182973663,,0.779659281,0.844872732,0.689728871,,0.661386715,0.732310745,,0.531606442,0.716181712,0.766659549,0.46567272,0.959847099,0.795276648
1604,1.49346201,1.287886854,1.090093114,,0.802989254,0.849757559,0.616452077,,0.731161571,0.834166923,,0.547547252,0.724331576,0.841999948,0.408231281,0.932766548,0.775195971
1605,1.817692589,1.385996726,1.125329165,,0.834968718,0.922802025,0.628288249,,0.754160003,0.75933921,,0.566242199,0.698405831,0.754712609,1.088355816,1.015075249,0.982219042
1606,1.767665152,1.447652565,1.093540193,,0.826291462,0.923251981,0.659705273,,0.724046678,0.856124112,,0.520905613,0.697382439,0.697926569,1.082017866,0.942517207,0.993306111
1607,1.713210432,1.426509851,0.978213711,,0.807299529,0.868511086,0.611493624,,0.696424674,0.79151222,,0.51861504,0.676303699,0.810508888,0.566712046,0.895562873,1.006274692
1608,1.3229248,1.262950974,1.02743685,,0.722514707,0.856115532,0.654756139,,0.781827456,1.034569843,,0.502916649,0.647456943,0.839598955,0.657585814,0.902465207,0.895356028
1609,1.498502004,1.211236547,1.187424661,,0.867722188,0.834095381,0.803195233,,0.892904496,1.037903504,,0.472957474,0.617113485,0.964226116,0.837617171,0.92657707,0.964293821
1610,1.650355577,1.388379028,1.168642585,,0.945398332,0.752405825,0.684311567,,0.881843243,1.011488783,,0.454879378,0.571820549,0.956672423,0.870115214,0.993644873,0.929678422
1611,1.461306289,1.409043151,1.007786858,,0.923141909,0.797895952,0.766604351,,0.901524818,1.00494692,,0.455797392,0.584319601,0.977707463,0.903202335,0.961220581,0.860275453
1612,1.55585212,1.377960052,1.01868608,,0.922328483,0.791865716,0.739191199,,0.800745165,0.971812526,,0.453035901,0.578087165,0.858370622,0.877379451,0.910570766,0.891657671
1613,1.649167857,1.369602914,0.99630013,,0.946536379,0.782434665,0.829117836,,0.996640136,0.967581407,,0.514777872,0.615441745,0.903446154,0.928844588,0.995232224,0.749848308
1614,1.710803537,1.480678854,1.046567059,,0.935571829,0.706251936,0.839071334,,0.912087118,0.758671613,,0.438280824,0.564281085,0.870223939,1.02072854,0.979069338,0.771624843
1615,1.552231089,1.479623669,0.998481335,,0.93556217,0.731347754,0.778859301,,0.929465881,1.022220412,,0.430683296,0.603417344,0.849144358,1.005377178,1.046237007,0.818070645
1616,1.29445504,1.397032218,1.01916415,,0.958064449,0.778763315,0.828274097,,0.854985614,1.033253902,,0.42362705,0.511162316,0.77696852,1.166812827,1.087229517,0.762930681
1617,1.437607366,1.355681998,1.001417169,,1.10660204,0.815726547,0.772575232,,0.951436816,0.904300149,,0.411594935,0.577040427,0.910866455,1.154575759,1.020644743,0.960818245
1618,1.573414495,1.395452304,1.149244952,,0.798553638,0.822563217,0.719957854,,0.94134294,0.968069396,,0.442986516,0.587693613,0.886948092,1.220875967,0.988751986,0.942616728
1619,1.646819366,1.478944393,1.193586561,,0.905382387,0.864808081,0.598251346,,0.992112865,1.037873988,,0.397053311,0.568520846,0.768284299,1.04887859,0.924766207,0.992994875
1620,1.659544476,1.499377192,1.345956022,,0.937347943,0.865249219,0.612588469,,1.03230161,1.074286061,,0.371367844,0.458013632,0.73831916,0.986893999,0.81167464,0.711117348
1621,1.49404013,1.550715476,1.155801363,,0.970916222,0.871659984,0.61470585,,0.986981913,0.99435795,,0.268463925,0.125010504,0.60401385,0.845925642,0.717169532,0.638772486
1622,1.162922669,1.365381515,1.072212302,,0.80277327,0.822801216,0.616837919,,0.846214228,0.945911329,,0.157483891,0.061532855,0.381286377,0.697200003,0.614449335,0.706063054
1623,1.346612584,1.227756924,1.118523719,,0.776890595,0.495821464,0.61898483,0.844196448,0.921423515,0.897667514,,0.452592264,0.389337813,1.005122926,0.676626325,0.622073107,0.701654783
1624,1.245378379,1.147391932,1.079238463,,0.833297632,0.613003593,,0.8359983,0.939800183,1.052130369,,0.544615552,0.445106715,0.572391684,0.788690762,0.674500102,0.884796768
1625,1.016496762,1.139130078,1.113716052,,0.835542884,0.679699973,,0.838928397,0.978129485,1.035564325,,0.532369674,0.482760066,0.916992673,0.597497343,0.745648272,0.926986634
1626,0.989365617,1.162570909,1.285784867,,0.651071979,0.513869455,,0.841879105,1.010035618,0.941693717,,0.516411749,0.497674012,0.933829271,0.905356573,0.790322714,0.965549362
1627,1.219610595,1.180056004,1.394430197,,0.680772218,0.58325533,,0.844850644,1.048092657,1.001527106,,0.533074245,0.524863758,0.941248215,0.994732502,0.817331088,0.908422157
1628,1.218391517,1.149025547,1.234968488,,0.768494953,0.553815816,,0.840470684,1.156123276,0.888678621,,0.53649576,0.533536198,0.933531124,0.971856898,0.95829721,0.978104173
1629,1.051984544,0.991571501,1.036917979,,0.698935415,0.533658326,,0.893399954,1.102005166,0.848068541,,0.6286524,0.500552986,0.892887049,0.786800088,0.769110225,0.910555226
1630,0.980214773,0.88182649,0.933493404,,0.751745382,0.546175293,,0.896587091,0.989296135,0.801479663,,0.694157558,0.527936109,0.905514888,0.722758863,0.781979132,0.882997823
1631,0.978512508,0.859846487,1.068453646,,0.611118234,0.589818037,,0.943886484,0.992350439,0.727638393,,0.695871254,0.494034777,0.951718086,0.768333873,0.865871264,0.871980211
1632,1.150586197,1.083085095,1.029204315,,0.641017121,0.624510109,,0.903030075,0.987939997,0.798892435,,0.56264014,0.595594335,0.998474181,0.925144388,0.794235932,0.910055796
1633,1.168149102,1.139636658,1.052583532,,0.73691986,0.61921949,,0.906286418,1.12241953,0.872755383,,0.39944085,0.809768802,0.988758983,1.003899207,0.914249239,0.978413064
1634,1.138367568,1.103497603,1.057044396,,0.791410727,0.51846043,,0.85131824,1.181733687,0.896080452,,0.321746145,0.572648597,0.896510197,0.968757444,0.909727526,0.9497563
1635,1.108720417,1.288693008,1.030037633,,0.81454231,0.449319778,,0.79695006,1.127710163,0.878048742,,0.367482513,0.605309768,0.849951106,0.917404877,0.839743179,0.90762081
1636,1.096612886,1.304638727,1.0525064,,0.806888511,0.31448148,,0.799855305,1.023296142,0.773252684,,0.391065387,0.558412296,0.795158873,1.037093553,0.839042841,0.883542829
1637,1.113878587,1.245789576,0.931585039,,0.843966667,0.317325122,,0.80278181,1.103858157,0.741790989,,0.691487357,0.503665848,0.808467373,0.998709202,0.844134724,0.852615528
1638,1.063476675,1.199063472,1.117286409,,0.860949287,0.319654496,,0.805729808,1.138958552,0.788036508,,0.731348472,0.335302725,0.68798645,1.061997831,0.815021452,0.889145078
1639,1.065261174,1.253778426,1.21285576,,0.864243137,0.324568788,,0.744983816,1.335121424,0.714030459,,0.72942341,0.506627018,1.031561325,0.968852165,0.843227853,0.884089801
1640,1.110038485,1.284538374,1.178637852,,0.858376917,0.510057317,,0.782175194,1.207743981,0.731699269,,0.764461245,0.536634462,1.016294972,1.129568335,0.8976362,0.894748199
1641,1.023594445,1.24760944,1.256815318,,0.79880962,0.4977126,,0.825567893,1.204178827,0.668941323,,0.722889438,0.531985884,0.957692786,1.150333872,0.874447833,0.896375267
1642,1.105941748,1.289194051,1.250643665,,0.80276381,0.529148369,,0.922424597,,0.724999377,,0.795134801,0.628946753,0.926752919,1.205897249,0.9432307,0.856910428
1643,1.068690366,1.268135785,1.280188073,,0.698870944,0.575360148,,0.85064794,,0.752771439,,0.839990807,0.684498368,0.90589133,1.005574766,0.887973802,0.853136598
1644,1.003455744,1.20590847,1.294347286,,0.70999492,0.565229642,,0.853842092,,0.591405582,,1.068994891,0.751342799,0.914322453,1.072792593,0.894035223,0.892768202
1645,1.118444748,1.302566998,1.196920387,,0.815215487,0.615069966,,0.857060321,,0.617360785,,0.945848884,0.813981046,0.856883024,1.092034616,0.801257758,0.801067488
1646,1.241934789,1.36053281,1.081290139,,0.750641713,0.70402854,,0.786562654,,0.618314114,,0.71238535,0.827387433,0.798047308,1.194005698,0.851096798,0.863140527
1647,1.174462296,1.363532323,0.878855429,,0.720609747,0.720096417,,0.751952207,,0.548387964,,0.705900728,0.849193068,0.807043328,1.101270059,0.881371134,1.333222475
1648,1.127181683,1.26389591,0.885045473,,0.670085577,0.706019978,,0.679336934,,0.616176848,,0.606743474,0.841252255,0.84631449,1.037898863,0.846516745,1.08001706
1649,0.889212278,1.166194797,0.852822544,,0.631499886,0.610095422,,0.725149626,,0.632633645,,0.536178552,0.754487713,0.8331276,0.881673345,0.939063305,1.108281422
1650,0.859814091,1.028105777,1.08627642,,0.549131829,1.10877526,,0.727935296,,0.622939932,,0.75556993,0.711960107,0.803637565,0.970453324,0.868255277,0.974487966
1651,0.852158823,1.024733183,1.214686971,,0.621142833,0.47439237,,0.730742451,,0.631281,,0.774841713,0.571835979,0.864292848,0.957891536,0.97089095,0.961326006
1652,0.976754232,1.020667129,1.398081092,,0.679966782,0.511275399,,0.766507197,,0.623774103,,0.763885463,0.740904781,0.972949876,0.892744801,0.923444305,1.002185194
1653,1.198555813,1.159539932,1.530406702,,0.885121108,0.583757973,,0.769486073,,0.6494754,,0.933301998,0.765213618,0.963364294,1.055193553,0.993124749,1.031135233
1654,1.333302895,1.300747881,1.55857079,,1.059261133,0.599792701,,0.772488193,,0.666552064,,0.946497506,1.060886119,0.9203613,1.09510409,1.024649115,0.962926661
1655,1.278462738,1.418306616,1.347264286,,1.131092121,0.618778279,,0.77551383,,0.671479566,,0.973819804,0.975831193,1.020051257,1.172824792,1.01182447,1.022745034
1656,1.252808606,1.291804355,1.283370317,,0.873237092,0.616750947,,0.778563262,,0.639783934,,0.878849635,0.863071998,1.07244705,1.043221721,1.035673616,1.076803216
1657,1.270833208,1.31140738,1.109110717,,0.874282938,0.614238296,,0.766004034,,0.70173713,,1.00211172,0.899000388,1.155024258,0.904956273,1.054839737,1.154446084
1658,1.301372545,1.312055525,1.106283414,,0.942636373,0.574671875,,0.68664281,,0.669006179,,0.987027273,0.887852325,1.11186878,0.895769492,1.030763229,1.131517156
1659,1.186646092,1.265233072,1.129652999,,0.817751706,0.575597566,,0.654906267,,0.698294955,,0.961493271,0.845702561,0.980542559,0.794904946,0.997418968,1.1098767
1660,1.057909877,1.225004253,1.131130717,,0.815853355,0.577656965,,0.692129057,,0.692916128,,0.90829175,0.784575157,0.972026322,0.703219636,1.076801556,1.208859226
1661,0.963663099,1.132267545,0.966549095,,0.753942102,0.502779347,,0.694905188,,0.696623396,,0.741600457,0.820539463,0.924136486,0.755247038,1.038009196,0.989369616
1662,0.970579696,1.00000318,1.248647609,,0.65899045,0.455095175,,0.697703679,,0.692385504,,0.746335029,0.811436468,0.901125252,0.733081517,0.965976719,0.941621265
1663,1.055968371,1.087975197,1.263496326,,0.733104496,0.546541575,,0.700524801,,0.738731285,,0.778835988,0.882822911,0.800271648,0.884659909,1.009849946,1.451272738
1664,1.166395232,1.293815129,1.295201867,,0.932398432,0.590144315,,0.70336883,,0.73928626,,0.796816255,0.904503764,0.816536531,0.985970842,0.598246164,1.400928373
1665,1.261171727,1.222115917,1.370277349,,0.933338443,0.57915984,,0.706236046,,0.705475567,,0.867639267,0.827343255,0.836164125,1.039202959,0.613288078,1.277489744
1666,1.272408677,1.312851559,1.488090855,,0.906755339,0.594080786,,0.718457348,,0.689037409,,0.916663986,0.858194907,0.83225667,1.026234837,0.588272756,1.192139861
1667,1.327878349,1.356892664,1.438453188,,0.973252569,0.591705684,,0.721410145,,0.712428414,,0.880236076,0.842047242,0.850065858,1.031396908,0.74879615,1.163363298
1668,1.310342686,1.437732527,1.290526279,,1.02023323,0.623281306,,0.724387313,,0.711332574,,0.901046611,0.843736062,0.793815673,1.172765512,0.702070398,1.347473117
1669,1.389968777,1.520457995,1.345747805,,1.006005678,0.604444078,,0.75383967,,0.713757173,,0.84896365,0.807421632,0.797729579,1.198731543,0.699532285,0.902375597
1670,1.327408817,1.554544245,1.327872417,,0.963097806,0.608524064,,0.756976562,,0.732444977,,1.007674593,0.830417258,0.851978143,1.155035207,0.736699374,0.981828346
1671,1.318977149,1.474010981,1.32599728,,0.963449219,0.621971543,,0.760139669,,0.761395107,,1.015587687,0.826410229,0.869387148,1.068392724,0.758384409,1.019348738
1672,1.298666077,1.332657944,1.298869298,,0.901758303,0.604864361,,0.596625217,,0.701609788,,1.110375582,0.789055688,0.873306247,1.03048388,0.816171363,0.993871047
1673,1.266411766,1.352559629,1.111188932,,0.991537218,0.569556881,,0.638788213,,0.780970369,,1.057502503,0.82009343,0.868402971,1.06358408,0.81080924,0.9984854
1674,1.10573589,1.261883999,1.132457403,,0.907001917,0.503154245,,0.684257433,,0.798476753,,0.940023043,0.776816197,0.837305877,0.998201761,0.810284946,0.977658258
1675,0.997297912,1.189246567,1.334131995,,0.80541458,0.425221013,,0.66117054,,0.79470626,,0.897772214,0.686014808,0.783625774,0.849744428,0.786903541,1.05251906
1676,1.114426143,1.26812597,1.357086176,,0.885628547,0.380602564,,0.663992266,,0.760189969,,0.936640406,0.71599855,0.755141092,0.933095219,0.770789214,0.884607931
1677,1.200475409,1.369465817,1.17838322,,0.825849455,0.417767978,,0.66683818,,0.686133477,,0.974209233,0.764546971,0.855529402,0.986488689,0.839612334,0.917486812
1678,1.330170681,1.466825891,1.124206721,,0.794540992,0.412139714,,0.652536579,,0.634371907,,0.916912297,0.715910061,0.883143172,1.109454373,1.048417682,0.989008396
1679,1.35134112,1.556224717,1.271789265,,0.782958645,0.416900618,,0.672603828,,0.695400199,,0.823608452,0.734909742,0.905086722,1.094692932,0.967503595,0.856242357
1680,1.528649447,1.565022666,1.242516788,,0.872885035,0.429170462,,0.675524202,,0.674866688,,0.776727036,0.747540625,0.857168132,1.167732141,0.961057368,0.837066374
1681,1.436476532,1.556035493,1.309148809,,0.811188319,0.439860923,,0.694127048,,0.694767392,,0.97151448,0.768944599,0.813454931,1.183927029,0.974604588,0.92910507
1682,1.365790662,1.506256505,1.287025674,,0.787729479,0.572470116,,0.697167275,,0.791190801,,1.017731454,0.799768657,0.847870746,1.148482466,0.845915984,1.031800849
1683,1.381340925,1.501563306,1.309186989,,0.798578435,0.535487116,,0.700234251,,0.714894874,,0.974029086,0.752941668,0.778486311,1.142531131,0.835660641,0.612784936
1684,1.211454973,1.407128096,1.195491421,,0.797129394,0.552303586,,0.837295632,,0.713547027,,0.936875357,0.623337426,0.631361868,1.051979773,1.267710712,0.814844184
1685,1.244478159,1.361147785,1.391906974,,0.714008177,0.555602805,,0.706449875,,0.729511091,,1.227529942,0.740929661,0.782613641,0.970442268,1.290796726,0.880299854
1686,1.521037382,1.624935504,1.344976761,,0.81038614,0.556039849,,0.506856608,,0.756558025,,1.193243418,0.745407189,0.748682199,1.085178333,1.123725981,0.980301129
1687,1.621453039,1.794770596,1.422727247,,0.813946761,0.534308817,,0.509126309,,0.772829942,,1.178874971,0.79516878,0.92488845,1.098243303,0.954864881,0.928098853
1688,1.446917915,1.723676633,1.446585697,,0.82706584,0.557357263,,0.562558073,,0.837776125,,0.845300607,0.796221207,0.891217528,1.129135292,0.964221132,0.851025425
1689,1.460965523,1.679930243,1.333889819,,0.912725025,0.481240108,,0.650721178,,0.862130729,,0.742584543,0.799675776,0.989576816,1.090342203,0.943367406,0.846037276
1690,1.373574092,1.613332458,1.66704306,,0.804078771,0.430577399,,0.653674783,,0.776231796,,0.780206355,0.77502424,1.058667319,1.061470159,0.983477823,0.756596962
1691,1.366472988,1.597456963,1.49363137,,0.802801915,0.41834258,,0.518412097,,0.806864856,,0.647363205,0.706455741,1.005195531,1.0485137,0.945413432,0.73354722
1692,1.179009437,1.437975937,1.326884049,,0.752133237,0.4416996,,0.624944053,,0.779579805,,0.581144172,0.655393838,0.847376351,1.039255318,1.001175179,0.759606787
1693,0.940420855,1.239439312,1.237553371,,0.594219187,0.40329975,,0.642505659,,0.782558403,,0.545471732,0.571384923,0.686627862,0.954870686,0.987369478,0.736290448
1694,1.038314394,1.254076843,1.524054994,,0.520451131,0.363474794,,0.665762287,,0.752674959,,0.694860882,0.586853788,0.690452627,0.904064584,0.990438433,0.793778006
1695,1.201540656,1.365960099,1.356554969,,0.889438754,0.494782659,,0.668854336,,0.756025597,,0.826144292,0.647893115,0.648929889,0.925504448,0.813838231,1.273232358
1696,1.084916335,1.36057879,1.356869883,,0.795423026,0.589866391,,0.671975241,,0.735024371,,0.895635623,0.666496599,0.740539474,0.873716187,0.888528239,0.631777348
1697,1.032807814,1.265315863,1.273619712,,0.805336713,0.568366467,,0.675125407,,0.693120697,,0.868475775,0.628899777,0.789104308,0.886029476,0.884297981,0.775574274
1698,0.830170373,1.178577556,1.34278649,,0.73825364,0.482791108,,0.678305248,,0.702614656,,0.702195859,0.586895354,0.807753217,0.826811933,0.881372917,0.628462129
1699,0.911613178,1.033823878,1.517137978,,0.721039457,0.421934196,,0.681515184,,0.727154416,,0.600449032,0.543284875,0.760039949,0.699713001,0.826487626,0.548511928
1700,1.167217363,1.264093938,1.498927298,,0.741650244,0.499473134,,0.684755646,,0.689675005,,0.695019132,0.607880106,0.735520278,0.825782594,0.952105115,0.833421303
1701,1.264576682,1.453840131,1.526776214,,0.932473775,0.541757406,,0.68802707,,0.701849788,,0.696034423,0.683287207,0.74984601,1.050206336,0.899895905,0.682156967
1702,1.199162875,1.496506282,1.554124794,,1.032793161,0.453059955,,0.702054509,,0.686712559,,0.768053682,0.707003134,0.878711823,1.187616434,0.85166032,0.724057717
1703,1.22755892,1.545493708,1.405087772,,1.018236628,0.428637084,,0.664238843,,0.701829016,,0.729723725,0.670407277,0.844442932,1.139511796,0.872503002,0.82191699
1704,1.23805229,1.546707816,1.673485207,,0.976191616,0.44616123,,0.712441783,,0.731491044,,0.723435152,0.720737261,0.810474338,1.095306099,0.850132542,0.706570083
1705,1.267460412,1.611060989,1.596164516,,0.854099035,0.459181858,,0.752324305,,0.777641144,,0.802586279,0.779007523,0.911145967,1.100487792,0.885446844,0.740213664
1706,1.24837698,1.602302843,1.612836483,,0.926898504,0.484270984,,0.733170906,,0.775163302,,0.879451923,0.788405485,0.912557956,1.109052567,0.943887633,0.771482397
1707,1.271693976,1.607595983,1.539618544,,1.024798747,0.513941575,,0.632732775,,0.727747653,,0.860644255,0.747324699,0.8123151,1.105930602,0.86795254,0.659083517
1708,1.173935541,1.554765949,1.266292618,,0.931438518,0.490994995,,0.577532818,,0.682812757,,0.794236539,0.762460846,0.82133879,1.039496839,0.799668108,0.601893426
1709,0.949625268,1.15889804,1.12035574,,0.555708844,0.41626158,,0.418603469,,0.576903934,,0.740905069,0.738261145,0.780857879,0.882831559,0.766042383,0.608490735
1710,1.087706687,1.122401047,1.297877148,,0.685398609,0.499241971,,0.408068302,,0.56527211,,0.750242182,0.761589145,0.87877753,0.893567987,0.879975989,0.542995665
1711,1.239112004,1.344255031,1.354064719,,0.831895483,0.538889717,,0.627570044,,0.61131188,,0.667730943,0.740941139,0.867754337,1.040558951,0.853119512,0.608862252
1712,1.210110652,1.396590614,1.412109783,,0.792295416,0.505385808,,0.665314811,,0.579096583,,0.591976529,0.716945607,0.789901945,1.052829578,0.813679859,0.648785646
1713,1.215452878,1.35527055,1.348586096,,0.787821996,0.434807581,,0.641873519,,0.571659149,,0.859363073,0.711989408,0.752529439,1.003745393,0.759590982,0.812863266
1714,1.20392281,1.301911653,1.490396549,,0.843187549,0.429616861,,0.590675735,,0.714332831,,0.926172116,0.706752097,0.696858418,0.879450557,0.784634751,0.649056825
1715,1.230316524,1.36281478,1.409959384,,1.054042405,0.529403187,,0.525007332,,0.787803046,,0.856432518,0.768466577,0.834360526,0.910386428,0.658385926,0.426567867
1716,1.278931194,1.45833553,1.4217026,,0.765852114,0.594878065,,0.552439367,,0.719473353,,0.835401439,0.756147668,0.800499526,0.946885944,0.685864202,0.631190148
1717,1.32900703,1.490614989,1.507069129,,1.020188834,0.612168606,,0.704690737,,0.805447901,,0.828691936,0.73496641,0.749211634,0.976589824,0.717773892,0.569013341
1718,1.30265174,1.497993766,1.589650071,,0.822243883,0.626139084,,0.701780171,,0.836727628,,0.911757333,0.724043705,0.68356674,1.010123498,0.73490698,0.606663309
1719,1.312922957,1.475717294,1.50519784,,0.798733477,0.609072071,,0.804667385,,0.732899926,,0.939652223,0.645066717,0.743714965,0.970126733,0.843356363,0.58651258
1720,1.235260149,1.454814395,1.485411907,,0.572777417,0.521697525,,0.842811627,,0.766763175,,0.826137081,0.705704807,0.725276726,0.86806864,0.793636819,0.487336065
1721,1.290363687,1.46492291,1.530226392,,0.893701991,0.628088463,,0.802755249,,0.810630782,,0.796969596,0.759990361,0.848945663,0.965470842,0.920534578,0.60802472
1722,1.323182868,1.578301299,1.505474733,,0.789227895,0.658297365,,0.744458502,,0.760233428,,0.846572747,0.781589935,0.929997842,0.993155916,0.866262016,0.60702815
1723,1.32698675,1.586352761,1.488973208,,0.719944971,0.649003293,,0.845895232,,0.696169764,,0.854497407,0.757735487,1.007826594,1.13343166,0.807487882,0.621862163
1724,1.289731161,1.558702896,1.41679394,,0.641567256,0.572643102,,0.825380379,,0.761571116,,0.795370151,0.72121855,0.918820564,0.983611707,0.69695538,0.683308365
1725,1.233253468,1.440942521,1.345969525,,0.629695582,0.53262899,,0.758390407,,0.742464418,,0.818418709,0.776122619,0.900384736,0.909154766,0.694365727,0.550803389
1726,1.281959326,1.494922984,1.441987933,,0.547312635,0.581218553,,0.793040571,,0.752143744,,0.731722318,0.731803714,0.759661447,0.94879652,0.7261898,0.531376691
1727,1.283225817,1.495586894,1.290733172,,0.642890023,0.580851706,,0.824489899,,0.828900118,,0.853744332,0.764309407,0.836879486,0.899015119,0.710141052,0.548440975
1728,1.285313949,1.526227443,1.317193737,,0.703770737,0.602286862,,0.792509911,,0.746247,,0.803816447,0.778378622,0.903310792,1.003521041,0.776529671,0.681225858
1729,1.29678597,1.564824384,1.499305686,,0.676450814,0.597918184,,0.717238317,,0.722100449,,0.727932194,0.764858559,0.960851635,1.104862197,0.881303065,0.732835737
1730,1.342254052,1.633282406,1.546457966,,0.674635644,0.608302679,,0.828960538,,0.722437046,,0.832330255,0.788497787,0.992448378,1.138005034,0.850526567,0.797651502
1731,1.36794494,1.631705161,1.624323018,,0.628103322,0.578577202,,0.756423775,,0.764151347,,0.724334676,0.781344073,0.709249446,1.016585864,0.83322351,0.709131525
1732,1.349227768,1.680235427,1.613178,,0.70335984,0.583655476,,0.793976431,,0.768226097,,0.795581151,0.797666077,0.912960435,1.108774357,0.857268787,0.670043752
1733,1.369761822,1.694107444,1.532593458,,0.725121678,0.586406983,,0.628826676,,0.713433683,,0.839406117,0.72892598,0.910588694,1.143746796,0.780655459,0.696822684
1734,1.367098185,1.634526367,1.483581574,,0.671181096,0.540808166,,0.543420065,,0.629382234,,0.845817657,0.772318898,0.97886047,1.059227222,0.738345523,0.623159611
1735,1.368522976,1.612730244,1.603668359,,0.730516668,0.522039003,,0.561889268,,0.595093455,,0.775347397,0.734414289,0.986560104,1.079054623,0.766286531,0.651672939
1736,1.384198504,1.611810369,1.58615864,,0.711917811,0.576802217,,0.589920903,,0.667572656,,0.772730233,0.668031931,0.830559951,1.017073133,0.686045804,0.546850108
1737,1.376373939,1.574928498,1.657267856,,0.722118998,0.576403441,,0.61156995,,0.625731935,0.778047307,0.707978972,0.688356747,0.792757736,0.86534283,0.748231893,0.467648254
1738,1.365281785,1.568076105,1.611869114,,0.682527711,0.556652732,,0.632860626,,0.640548305,0.730555492,0.676029191,0.699960921,0.886383907,0.987772009,0.807363445,0.473795974
1739,1.347542526,1.501237372,1.43783096,,0.68430519,0.571706511,,0.679988206,,0.673629629,0.761030188,0.640543747,0.658714981,0.825045577,1.073598522,0.849163083,0.654834072
1740,1.22740514,1.273717047,1.384505267,,0.645288544,0.554542429,,0.620430353,,0.678098951,0.708744035,0.540531553,0.619030333,0.760637867,0.85456874,0.842793732,0.627673298
1741,1.14842555,1.161476386,1.587551668,,0.563772918,0.502682762,,0.564228144,,0.713357031,0.721532101,0.548578952,0.658131881,0.741062612,0.832290215,0.746007601,0.646614517
1742,1.278553403,1.376645257,1.689859297,,0.645005051,0.52531236,,0.68454859,,0.714957802,0.802984687,0.600701732,0.691732159,0.719707369,0.956394627,0.742722047,0.582522851
1743,1.304423219,1.512232323,1.576060388,,0.774485601,0.551333936,,0.664575043,,0.780282826,0.932199579,0.631041611,0.71426122,0.756351315,0.993218691,0.861504802,0.581222225
1744,1.323126909,1.593477395,1.715749524,,0.776466796,0.533793995,,0.62480249,,0.759479175,0.832591784,0.665686023,0.692213863,0.825905892,0.993564332,0.835663794,0.612763253
1745,1.291792943,1.399538189,1.580940282,,0.777516738,0.529102557,,0.601771715,,0.750069438,0.885132566,0.685145299,0.638489211,0.769343562,1.001398367,0.749513352,0.656239022
1746,1.293189405,1.314641037,1.579044662,,0.749945202,0.501448289,,0.617757483,,0.764074504,1.001940748,0.666816502,0.62785905,0.704612671,0.911204868,0.801904491,0.594064424
1747,1.267047549,1.320213576,1.593426325,,0.737721805,0.5316473,,0.547699195,0.957417712,0.74904016,0.933130744,0.710960553,0.650665585,0.785311,0.911633805,0.889494236,0.628029234
1748,1.28274486,1.369119749,1.578412666,,0.679352545,0.533616288,,0.504173257,0.891776167,0.669103228,0.861073565,0.707067648,0.622567267,0.779138282,0.900850132,0.840752449,0.573001529
1749,1.279415863,1.504168751,1.592317041,,0.73962386,0.607045402,,0.526350948,0.900272171,0.639517621,0.787753441,0.689540813,0.662177117,0.815908394,0.905911531,0.839523771,0.68718221
1750,1.28323893,1.460091996,1.762403735,,0.730727438,0.538899405,,0.475125687,0.982903825,0.617975589,0.749010873,0.707435289,0.704194791,0.823147867,1.067367426,0.92783561,0.804265591
1751,1.322711052,1.493401067,1.553301383,,0.709808244,0.500835019,,0.48632602,0.932892789,0.612044683,0.685180888,0.686712043,0.707775689,0.859137066,0.965348546,0.873195579,0.772990515
1752,1.303381893,1.447044347,1.53306369,,0.703460886,0.559954484,,0.556206042,0.890389591,0.644879009,0.677532948,0.711153118,0.706687718,0.756838894,0.889499829,0.809191253,0.778151343
1753,1.340055688,1.52943767,1.556622295,,0.733885083,0.577559154,,0.680182021,0.860264371,0.651433101,0.52273303,0.693789763,0.662935612,0.73699685,0.93979403,0.847486908,0.786141555
1754,1.336145286,1.559515709,1.634096982,,0.741446633,0.588178436,,0.70731485,0.830269686,0.663987698,0.551411613,0.709619061,0.645239117,0.76440533,0.90429101,0.862491504,0.838406372
1755,1.324655158,1.557129213,1.543232748,,0.808703548,0.620824642,,0.642793686,0.841349821,0.649704259,0.650013126,0.71968135,0.635720892,0.759788495,0.997798643,0.83795156,0.8704275
1756,1.345971273,1.416961455,1.28099703,,0.820316073,0.635029526,,0.652943578,0.838508529,0.714490501,0.830909421,0.676225206,0.548118181,0.727457584,0.885921556,0.810395388,0.834117601
1757,1.258234836,1.29792135,1.380049147,,0.704929232,0.599422409,,0.640365307,0.851801484,0.641388228,0.808397523,0.67757025,0.620662299,0.679185034,0.796818984,0.834024242,0.801877286
1758,1.273516867,1.314610578,1.484111327,,0.732544518,0.598964592,,0.597166039,0.719372521,0.621873535,0.786043503,0.598097196,0.667518956,0.596054024,0.780847895,0.799636949,0.768878805
1759,1.320544767,1.470437195,1.563964584,,0.654041853,0.597345143,,0.536050018,0.787447612,0.629531394,0.811758404,0.656832379,0.629017837,0.723772747,0.881888474,0.816368755,0.766443399
1760,1.346943207,1.565013156,1.569680275,,0.652820343,0.543567679,,0.596322205,0.87629128,0.649279726,0.748245768,0.679187449,0.441805959,0.728971606,0.879272704,0.793848562,1.026443076
1761,1.307103929,1.440601777,1.664079271,,0.690348716,0.575141069,,0.66207016,0.862902194,0.630010289,0.754707602,0.606939359,0.274666242,0.715521342,0.845212206,0.726235203,0.884802355
1762,1.258061683,1.385384361,1.580821114,,0.688263722,0.573722467,,0.701315965,0.890775349,0.671334493,0.654421727,0.617008779,0.28604467,0.703711656,0.769850901,0.766594646,0.879825328
1763,1.272300742,1.416005932,1.549215265,,0.763796597,0.568844387,,0.618217642,0.632779465,0.591205787,0.578640788,0.656039362,0.62456061,0.679840474,0.911478396,0.800588252,0.848098657
1764,1.297461945,1.488148687,1.448807692,,0.788715736,0.58185609,,0.535396596,0.709452542,0.529890601,0.585919324,0.783141205,0.665009914,0.697114033,0.887466814,0.816833575,0.944574677
1765,1.323247205,1.578967555,1.330511068,,0.718968749,0.816418599,,0.49770104,0.742566291,0.572387055,0.572647369,0.65844151,0.634483477,0.705087527,0.959661776,0.794218074,0.871936464
1766,1.284772897,1.430173006,1.365921533,,0.694277264,0.841007401,,0.479903002,0.904829132,0.52216403,0.59040793,0.717275464,0.690777675,0.681224178,0.945650124,0.949375603,0.879187833
1767,1.287557559,1.414164198,1.232878315,,0.716721444,0.818345378,,0.501088328,0.694635162,0.522752335,0.542535921,,0.681933793,0.619834253,0.942056161,0.889189582,1.161992427
1768,1.281144508,1.418974017,1.267430812,,0.619803164,0.76894274,,0.557234443,0.740269143,0.507752092,0.594425977,,0.712830099,0.645129858,1.080694926,0.81645595,1.079801105
1769,1.25453446,1.364754093,1.403637326,,0.620230615,0.77639554,,0.585784449,0.799078337,0.51908295,0.551115157,,0.710950203,0.667028607,0.790829051,0.817902269,0.906865292
1770,1.244825251,1.338446636,1.377078419,,0.613976042,0.66636391,,0.533606672,0.821091455,0.555218433,0.607074798,,0.551160442,0.614678979,0.96294349,0.772972203,0.997023595
1771,1.177791724,1.153662072,1.285409372,,0.553062929,0.53082211,,0.512499221,0.722311973,0.580452897,0.610380493,,0.420127743,0.580241783,0.737519535,0.849761816,1.026906531
1772,1.137354895,1.109549749,1.177878198,,0.590830369,0.566262049,,0.452454818,0.696407032,0.500672374,0.565630949,,0.595390611,0.585263441,0.708355965,0.745032401,1.034256959
1773,1.28271033,1.223653599,1.176968651,,0.612299138,0.563031014,,0.47549827,0.617180616,0.492652481,0.629083216,,0.705147627,0.650133909,0.73719675,0.826333944,0.99950511
1774,1.224459891,1.364637456,1.201077642,,0.691506431,0.582511259,,0.40017793,0.67017576,0.52981769,0.697080015,,0.735451004,0.670386978,0.858383513,0.851704598,1.111585754
1775,1.213811443,1.292426495,1.208946615,,0.690249037,0.569963,,0.412559865,0.736133465,0.493592784,0.684267053,,0.720744408,0.689972086,0.851545888,0.826811673,0.941891938
1776,1.283517828,1.318736993,1.298095142,,0.691681443,0.523152555,,0.500773485,0.754884273,0.540743523,0.668351551,,0.688519144,0.724287314,0.74164092,0.922784156,1.038460887
1777,1.355937586,1.401919919,1.207894687,,0.698192717,0.508269735,,0.425047788,0.691088525,0.53203114,0.640893744,,0.694857927,0.682113778,0.873566122,0.823824775,1.128606662
1778,1.3407883,1.407541857,1.245662274,,0.715181054,0.488468935,,0.370039174,0.69807924,0.538118093,0.594200681,,0.6715423,0.668519595,0.848660619,0.810573107,1.021944692
1779,1.310751237,1.423085807,1.322221326,,0.726373218,0.483881649,,0.434937028,0.678874422,0.508396407,0.610982522,,0.676976464,0.654321004,0.91832021,0.964841159,0.863146671
1780,1.173242434,1.407216265,1.342986055,,0.743189744,0.498870601,,0.479105039,0.665352219,0.492764857,0.51013285,,0.697667333,0.646743467,0.999246253,1.099971395,1.217963907
1781,1.195359706,1.309188326,1.236342478,,0.789914307,0.498805055,,0.425634087,0.762212944,0.473672288,0.577160863,,0.653834194,0.638130896,0.882650661,0.947305373,0.661178945
1782,1.204644819,1.23820331,1.244718782,,0.757249665,0.497893945,,0.417865668,0.737251026,0.545777583,0.568622685,,0.62122615,0.637362561,0.903985773,0.752405983,0.837125745
1783,1.174368209,1.317602512,1.256638114,,0.728241524,0.490152533,,0.410077992,0.732059728,0.500925034,0.611006622,,0.607083005,0.674843233,0.858899542,0.881261444,0.905282389
1784,1.172446335,1.336541034,1.286558069,,0.694175938,0.4747903,,0.40970477,0.693740461,0.460875272,0.609065041,,0.595759267,0.681941908,0.854328771,0.967277528,1.005793985
1785,1.188384685,1.314037442,1.325544677,,0.666991849,0.480947511,,0.46271194,0.657138823,0.460633994,0.574635729,,0.585628999,0.670154177,0.843643706,0.9825758,0.91158482
1786,1.151497345,1.316237207,1.352875495,,0.729586415,0.49944889,,0.446512894,0.726040375,,0.612150871,,0.591069226,0.671012521,0.816386696,0.956951751,0.817771196
1787,1.178222063,1.267915007,1.323634671,,,0.479008658,,0.373355205,0.765407503,,0.573396499,,0.58768759,0.572813576,0.875175004,0.795887829,0.856474348
1788,1.106784764,1.258635151,1.279390615,,,0.457639055,,0.437786642,0.603027197,,0.595390886,,0.571908411,0.529454813,0.910298417,0.709322861,0.735256022
1789,1.112211991,1.27782692,1.261816568,,,,,0.448422782,0.586500769,,0.57242258,,0.539497394,0.521983609,0.820079586,0.757456629,0.664929729
1790,1.158638328,1.222348013,1.207099161,,,,,0.420124248,0.591085278,,0.556782888,,0.535192329,0.546759736,0.722228259,0.787509631,0.696604803
1791,1.209875748,1.346415925,1.238008708,,,,,0.464147578,0.583852454,,0.645446823,,0.577238879,0.667176596,0.74900042,0.794448887,0.770216259
1792,1.131664298,1.339731382,1.261816568,,,,,0.443295048,0.526640159,,0.602941635,,0.580528251,0.715119142,0.727283,0.913976757,0.877286666
1793,1.011707259,1.220639698,1.289057858,,,,,0.370341376,0.49475318,,0.499871867,,0.594556545,0.740195268,0.675782153,0.830697985,0.896056565
1794,1.017875863,1.157679518,1.242387848,,,,,0.377728913,0.511188051,,0.483866443,,0.544935453,0.693584226,0.66179598,0.853499698,0.762359484
1795,1.017780459,0.982802181,1.147433481,,,,,0.346903527,0.571005029,,0.540698966,,0.524183444,0.677201694,0.649526225,0.69558939,0.60216225
1796,0.957093941,1.01194704,1.170492433,,,,,0.33803824,0.528268839,,0.515853682,,0.529190048,0.718163099,0.819713909,,0.665114986
1797,1.078401244,1.279836651,1.362259678,,,,,0.320392113,0.466575591,,0.49447601,,,0.683309632,0.773272025,,
1798,1.015897584,1.309853547,1.394992348,,,,,0.315036675,0.474469342,,0.463639238,,,0.692507106,0.76954591,,
1799,1.000714137,1.173955032,1.383437442,,,,,0.26125716,0.501526396,,0.500271672,,,0.617555578,0.609948198,,
1800,0.95081627,1.123143993,1.049431601,,,,,0.180538863,0.493058332,,0.514340351,,,0.512385243,0.568320955,,
1801,0.815481383,1.036754898,1.009453254,,,0.934267551,,0.196009787,0.410051875,,,,,,0.592150082,,
1802,0.783144308,1.097490814,1.340373241,,,0.910577421,,0.26262684,0.446056993,,,,,,0.556222945,,
1803,0.882186819,1.13148096,1.384827831,,,0.94655541,,0.30570863,0.457006628,,,,,,0.600574052,,
1804,0.775096304,1.162265075,1.293806284,,,0.954420697,,0.330978155,0.456230011,,,,,,0.660621263,,
1805,0.88088317,1.081424472,1.186340862,,,0.903740981,,0.354454456,0.453252126,,,,,,0.528299995,,
1806,0.891734836,1.039393955,1.300286585,,,0.881601591,,0.354454456,0.429087468,,,,,,0.530590192,,
1807,0.955695571,1.016926473,1.361979014,,,0.912947344,,0.354454456,,,,,,,0.452484763,,
1808,0.894802709,1.112979325,1.183766059,,,0.904470674,,0.382932605,,,,,,,0.437566987,,
1809,0.869824562,1.130468426,1.138618612,,,0.927775697,,0.387873695,,,,,,,0.595390494,,
1810,0.989942866,1.140228476,1.191663682,,,0.910311944,,0.293692349,,,,,,,0.751334812,,
1811,0.827141451,1.10754043,1.176833314,,,0.837574352,,0.238504573,,,,,,,0.760559322,,
1812,0.887779509,0.966733114,1.054133972,,,0.772929274,,0.255259488,,,,,,,0.61071748,,
1813,0.767405418,1.108680057,1.152093388,,,0.844039438,,0.299698366,,,,,,,,,
1814,1.004816405,1.076551873,1.330022869,,,0.878635477,,0.290563912,,,,,,,,,
1815,0.926802606,1.066882445,1.606697402,,,0.870868707,,0.23775992,,,,,,,,,
1816,0.903779869,0.910554238,1.329656168,,,0.733018832,,0.223712086,,,,,,,,0.641166386,0.768878501
1817,0.725823406,0.874214408,1.203619577,,,0.579149833,,0.239035027,,,,,,,,0.517384594,0.822972497
1818,0.891283507,0.912361877,1.35544208,,,0.795962708,,0.308471307,,,,,,,,0.548975954,0.769297428
1819,0.974875281,0.939834118,1.214012064,,,0.861808333,,0.369805671,,,,,,,,0.69881809,0.82681597
1820,1.219070369,1.019844671,1.26878793,,,0.926546192,,0.351057944,,,,,0.657276503,,,0.591166301,0.957919826
1821,1.396003125,1.097372898,1.358879381,,,0.983269033,,0.336009636,,,1.042509225,,0.761057004,,,0.489565634,1.135338329
1822,1.521068204,1.273984176,1.465854992,,,0.924860652,,0.416942267,,,1.047461763,,0.761057004,,,0.534500623,0.919123384
1823,1.328271479,1.246349855,1.438312831,,,0.906818214,,0.432787921,,,1.05246158,,0.723004153,,,0.612438961,0.922775089
1824,1.746837716,1.281591976,1.373782345,,,0.966796185,,0.487413787,,,0.711834386,,0.964005538,,,0.652944377,1.320271655
1825,1.640287219,1.290649026,1.30606985,,,0.962890861,,0.469907802,,,0.7152983,,0.997247108,,,0.6866082,1.379309679
1826,1.49121553,1.24888775,1.40030863,,,0.811870527,,0.469248556,,,0.85961287,,0.876368671,,,0.662832774,1.345569083
1827,1.340244209,1.174349777,1.426401338,,,0.755251815,,0.436525966,,,1.079513836,,0.741542721,,,0.601711604,1.221623333
1828,1.408390549,1.181388731,1.43233232,,,0.740814121,,0.409313854,,,1.126389277,,0.723004153,,,0.579844118,1.212400815
1829,1.346415046,1.122737155,1.368325414,,,0.747058475,,0.407529113,,,1.166617466,,0.723004153,,,0.623675747,1.396306102
1830,1.268955828,1.0721298,1.410341548,,,0.730705081,,0.436898632,,,1.071643747,,0.672562003,,,0.687170116,1.322628916
1831,1.20386529,1.032487646,1.394639364,,,0.716427701,,0.441112831,,,0.912060811,,0.578403323,,,0.496708255,0.972835975
1832,1.172605675,1.081071789,1.456557814,,,0.709743966,,0.452079452,,,0.801784367,,0.615322684,,,0.689402153,0.989583925
1833,1.359450105,1.083303277,1.505905674,,,0.771727312,,0.462032995,,,0.822726496,,0.657276503,,,0.71883268,0.905885514
1834,1.444837024,1.05711348,1.539557198,,,0.79921296,,0.472642801,,,0.999957828,,0.781626112,,,0.644900181,0.883027369
1835,1.411064434,1.179571448,1.626804831,,,0.785279158,,0.456764335,,,0.908303609,,0.761057004,,,0.478736196,0.880210647
1836,1.372927557,1.175468589,1.514179881,,,0.788336158,,0.423534672,,,0.818906968,,0.781626112,,,0.518258515,1.029550427
1837,1.391734784,1.152402611,1.429360676,,,0.760005266,,0.37359704,,,0.707835316,,0.761057004,,,0.558286764,1.077421413
1838,1.302521016,1.085860815,1.394639364,,,0.744988099,,0.404896456,,,0.697755383,,0.657276503,,,0.54583756,1.107148573
1839,1.224055894,1.054504552,1.299909143,,,0.703493952,,0.393236427,,,0.794561085,,0.628699264,,,0.576583319,1.182727693
1840,1.213077542,0.989787673,1.312289231,,0.956528267,0.722004787,,0.389976277,,,0.820430515,,0.642670359,,,0.450037061,1.166413789
1841,1.360614,0.987056694,1.34824236,,0.986486646,0.750460948,,0.399478831,,,0.928381899,,0.891789143,,,0.504371455,1.167624064
1842,1.227871171,0.938511368,1.403160583,,0.952396395,0.710124956,,0.408194759,,,0.869785803,,0.824471503,,,0.496166864,1.289745134
1843,1.324808369,1.007277546,1.541279298,,0.954457859,0.714504962,,0.405857024,,,0.963893775,,0.79415992,,,0.528324839,1.456895547
1844,1.379252548,1.058960365,1.488016946,,1.018476374,0.760211465,,0.412283194,,,0.99769548,,0.879760379,,,0.522099931,1.418248171
1845,1.118727067,1.029996861,1.507553274,,1.023013017,0.728931373,,0.420333132,,,1.109387175,,0.793322199,,,0.482759898,1.09508022
1846,1.082639097,0.966708143,1.328740301,,0.956943427,0.634784115,,0.395533704,,,0.885504823,,0.647197098,,,0.643279791,1.287991313
1847,1.059846695,0.926582369,1.18784801,,0.895385662,0.626695609,,0.358209939,,,0.725298359,,0.582874335,,,0.41709316,1.294893593
1848,1.290838923,1.035469621,1.416139457,,1.240303791,0.768831547,,0.376018445,,,1.014916921,,0.883287017,,,0.428476783,1.299984993
1849,1.324808369,1.060023206,1.470548231,,1.272330415,0.81007218,,0.377126459,,,1.038825447,,1.008311927,,,0.443587396,1.265781405
1850,1.307603065,1.109708634,1.562249084,,1.325214564,0.804632174,,0.414515426,,,1.11171782,,1.067768486,,,0.688170664,1.321237808
1851,1.27449919,1.086759134,1.634523953,,1.170848428,0.84122969,,0.412479244,,,1.062947297,,0.894772859,,,0.47124359,1.35362489
1852,1.157303862,1.055705,1.607822278,,1.132005115,0.810069502,,0.378966011,,,1.115655428,,0.770943287,,,0.511228134,1.3633455
1853,1.048806625,1.001264737,1.612391482,,0.973162807,0.759192931,,0.335393073,,,1.036140512,,0.831660996,,,0.429920686,1.21764706
1854,1.017024606,0.886961144,1.484353008,,0.863407603,0.706816902,,0.240394009,,,1.045309897,,0.6949496,,,0.484085061,0.980914506
1855,0.98691665,0.835421118,1.460085656,,0.824655017,0.709209951,,0.240922163,,,0.978871037,,0.652390544,,,0.676641121,0.990645334
1856,1.049248228,0.884108198,1.462742773,,0.823177141,0.7302704,,0.244793665,,,0.817389068,,0.669558716,,,0.901203031,0.919387286
1857,1.186649782,0.887296641,1.510859312,,0.876589398,0.766319779,,0.298047148,,,0.866935915,,0.814934368,,,0.634845162,1.551453179
1858,1.329047756,0.827705203,1.68683558,,0.933603343,0.825486872,,0.35433786,,,0.886454172,,0.862482414,,,0.672660663,1.530370266
1859,1.277930534,0.901758484,1.676281864,,0.949034803,0.815932902,,0.292764504,,,0.982287055,,0.946732962,,,0.541850356,1.452376528
1860,1.119984064,0.849324101,1.550197018,,1.115788287,0.79453647,0.639719701,0.312444501,,,0.900819969,,0.892012738,,,0.652000253,1.418327135
1861,1.049248228,0.826219493,1.517992736,,1.055937574,0.7411324,0.703634924,0.407367587,,,0.855167554,,0.908430939,,,0.462387398,1.380138527
1862,1.049248228,0.866475183,1.522305215,,1.091483988,0.759029654,0.69937047,0.404898693,,,0.922193495,,0.908430939,,,0.650359306,1.394034359
1863,1.261754198,0.887934851,1.599556525,,1.102398827,0.784540418,0.721225797,0.417551777,,,0.906436592,,0.999274033,,,1.045107605,1.487074288
1864,1.245982271,0.902739798,1.625434082,,1.111289141,0.805646635,0.739718766,0.428258233,,,0.89516651,,1.07065075,,,0.992069766,1.46974791
1865,1.230599774,0.876537991,1.601149709,,1.118051549,0.815897703,0.749325503,0.433820028,,,0.934158935,,1.033731758,,,1.063926049,1.144119221
1866,1.245982271,0.828150001,1.589277615,,1.057964326,0.765898696,0.749325503,0.433820028,,,0.91135397,,0.951689555,,,0.938987085,1.123539827
1867,0.98691665,0.898257831,1.555565665,,1.005838346,0.719790342,0.730355237,0.422837243,,,0.884173237,,0.788900553,,,0.666134035,0.978519989
1868,1.107539796,0.92932345,1.614266257,,0.99494479,0.718078096,0.69937047,0.404898693,,,0.872690468,,0.788900553,,,0.75323384,0.861380543
1869,1.107539796,0.958060053,1.761449357,,1.059998872,0.751283644,0.695157395,0.402459544,,,1.031686275,,0.935326836,,,1.052269881,1.180807332
1870,1.071812706,0.892743891,1.752856921,,1.064407662,0.729128057,0.732071298,0.488047532,,,0.971993723,,0.9608092,,,0.743343809,1.267929443
1871,1.046409353,0.906428169,1.704765293,,0.993565222,0.666068806,0.767911314,0.514849631,,,0.997977713,,0.920733373,,,0.779102949,1.107600794
1872,1.251645827,0.958437312,1.807272672,,1.070130283,0.69586309,0.681717187,0.457060387,,,0.913004973,,1.009650398,,,0.901721369,1.163139671
1873,1.335316157,1.009904208,1.965127977,,1.022487497,0.647041628,0.625796463,0.419568083,,,0.891772299,,0.918327647,,,0.882215507,1.098271834
1874,1.487398487,0.99398317,2.057822693,,1.051289962,0.639158754,0.601437,0.40323617,,,0.865517963,,0.902538865,,,0.792112717,1.160575079
1875,1.600570111,1.079146609,2.089360205,,1.101720845,0.670667286,0.686527765,0.460285661,,,0.874095941,,0.99482553,,,0.900887048,1.302809548
1876,1.487398487,1.071708197,2.085365253,,1.13615898,,0.600445009,0.402571086,,,0.881081722,,1.035449259,,,0.871093357,1.285845808
1877,1.376191123,1.058394079,2.087360817,,1.118375622,,0.60208485,0.403670525,,,0.870644427,,1.009947005,,,0.924347434,1.336272812
1878,1.279029073,1.125806836,2.151175596,,1.112570904,,0.59522665,0.399072413,,,0.887286523,,1.053747875,,,0.950681508,1.310880324
1879,1.215090148,1.161838532,2.253400883,,1.130168687,,0.589479338,0.395219101,,,0.843176677,,1.073527852,,,0.772260924,1.162891698
1880,1.260942607,1.1564161,2.20778548,,1.09925809,,0.621151404,0.414100936,,,0.871504747,,1.067606597,,,0.869351796,1.097898372
1881,1.285448739,1.199554936,2.23722262,,1.110649366,,0.721491692,0.568868449,,,0.823494682,,1.072407505,,,0.982470224,1.146221419
1882,1.33280465,1.236682897,2.23264284,,1.110649366,,0.744639914,0.587119932,,,0.785363138,,1.130446763,,,0.766268159,1.227616372
1883,1.257470411,1.222132862,2.329714267,,1.097382223,,0.750151949,0.59146596,,,0.809140187,,1.137320615,,,0.969323768,1.301552666
1884,1.457945051,1.251682378,2.41115555,,1.130168687,,0.764179426,0.602526086,,,0.805445483,,1.21760772,,,0.909594052,1.204610832
1885,1.566515428,1.38323862,2.498497079,,1.167088898,,0.716386049,0.564842847,,,0.808398537,,1.23238816,,,0.984774989,1.26554018
1886,1.467104678,1.458472724,2.520632159,,1.691833682,,0.669364571,0.52776822,,,0.840765304,,1.264828029,,,0.985248844,1.252388223
1887,1.444875819,1.576291575,2.464736784,,1.704389034,,0.666799956,0.525746119,,,0.857940471,,1.446058449,,,0.984199966,1.300383402
1888,1.44654518,1.557577699,2.57772462,,1.726815206,,0.628911619,0.495872623,,,0.844791958,,1.546402499,,,1.009799952,1.280332125
1889,1.325001647,1.534558064,2.557450381,,1.720347733,,0.615725255,0.485475682,,,0.838367685,,1.679904031,,,0.952019909,1.254395426
1890,1.593698355,1.389716709,2.54600765,,1.688723694,,0.734695209,0.661225688,,,0.865517963,,1.544308626,,,0.718989054,1.281285676
1891,1.502576022,1.454937899,2.526227347,,1.673343697,,1.028197803,0.955619135,,,0.87583198,,1.493179209,,,0.610129367,1.191335845
1892,1.487398487,1.48829976,2.515061701,,1.670301254,,0.916840193,0.852122061,,,0.858775856,,1.516450525,,,0.58933586,1.111918055
1893,1.654521912,1.657553972,2.566100157,,1.753178797,,0.846440192,0.786691473,,,0.837571514,,1.498861988,,,0.780297323,1.39712622
1894,1.654521912,1.835541139,2.744177806,,1.701232758,,0.682280308,0.634119345,,,0.881081722,,1.339096444,,,1.037902804,1.510493162
1895,1.592088457,1.833029023,2.782828197,,1.756530955,,0.710808689,0.660633958,,,0.897215467,,1.466035449,,,1.012440452,1.735621235
1896,1.738125738,1.867933348,2.789376028,,1.759895957,,0.734651328,0.682793587,,,0.835983701,,1.592568271,,,1.001321616,1.626069885
1897,1.680188214,2.021613128,2.734682381,,1.756530955,,0.65716275,0.610774791,,,0.881962804,,1.635610656,,,1.179480006,1.696543473
1898,1.643662383,2.012328195,2.685129812,,1.766664787,,0.6422611,0.596925023,,,0.908303609,,1.656271002,,,1.212958784,1.7567455
1899,1.735193343,1.952791816,2.71277989,,1.773485887,,0.661616311,0.614913983,,,0.909240004,,1.602948111,,,1.088232569,1.729673485
1900,1.717336268,1.773897209,2.608327419,,1.804844184,,0.682715692,0.634523996,,,0.825035364,,1.582130604,,,0.915425683,1.630957639
1901,1.699066733,2.024763989,2.616964265,,1.801305274,,0.655587916,0.609311122,,,0.817389068,,1.591225622,,,0.933047812,1.803241849
1902,1.755079922,1.993210899,2.616964265,,1.804844184,,0.580232983,0.539275361,,,0.805445483,,1.565672086,,,0.93256817,1.925321148
1903,1.62971707,1.959515732,2.588394786,,1.790771325,,0.819919853,0.737927868,,,0.781881919,,1.594061697,,,0.940798065,1.973467269
1904,1.663669509,1.98511488,2.596899917,,1.863419248,,0.941746691,0.833083611,,,0.926431517,,1.666808384,,,1.192706847,1.643345664
1905,1.597122729,2.120014188,2.588394786,,1.819139979,,0.987587072,0.873634718,,,0.89516651,,1.656910902,,,1.264504792,1.390669175
1906,1.68118182,2.153549619,2.850345996,,1.808397027,,1.077439225,0.953119314,,,0.902379132,,1.621046155,,,1.216515486,1.409819967
1907,1.565806597,1.996932495,2.804372674,,1.790771325,,0.999700334,0.884350295,,,0.932526461,,1.823354492,,,1.578309717,1.874577878
1908,1.954481993,2.078066996,2.768648181,,1.759895957,,0.865826399,0.779243759,,,0.983479772,,1.909526997,,,1.51644895,1.873171049
1909,1.93550644,2.266474921,2.762782401,,1.739897139,,0.897644183,0.803155321,,,1.15910475,,1.957146627,,,1.769355454,1.687683008
1910,1.916895801,2.303570288,2.705463264,,1.701232758,,0.908949988,0.813271042,,,1.164461056,,2.002215778,,,1.775059607,1.947536261
1911,1.84589966,,2.699861891,,1.594905711,,0.883750833,0.790724429,,,1.189751523,,2.06375204,,,,1.91253121
1912,1.898639651,,2.623809443,,,,0.99831279,0.893227233,,,1.236454233,,2.037094787,,,,1.943968133
1913,1.993571633,,2.845163549,,,,1.013121962,0.911809766,,,1.259946863,,2.229715096,,,,1.821926768
